org.gjt.sp.jedit.options.ToolBarAddDialog;13.0;7.0;0.0;10.0;71.0;44.0;2.0;9.0;4.0;0.7821;629.0;1.0;0.0;0.983;0.2179;0.0;0.0;46.3846;7.0;1.8461538461538463;0
org.gjt.sp.jedit.gui.EditAbbrevDialog;4.0;6.0;0.0;6.0;36.0;0.0;3.0;5.0;2.0;0.8;195.0;1.0;1.0;0.9957;0.35;0.0;0.0;46.5;2.0;1.25;0
org.gjt.sp.jedit.gui.MacrosMenu;6.0;8.0;0.0;10.0;24.0;15.0;1.0;10.0;4.0;2.0;144.0;0.0;0.0;0.9943;0.3333;2.0;6.0;23.0;5.0;2.3333333333333335;0
org.gjt.sp.jedit.gui.SelectLineRange;5.0;7.0;0.0;8.0;51.0;2.0;1.0;8.0;4.0;0.5;364.0;1.0;1.0;0.9943;0.4667;0.0;0.0;70.8;3.0;1.8;0
org.gjt.sp.jedit.options.ModeOptionPane;12.0;6.0;0.0;6.0;38.0;28.0;3.0;5.0;1.0;0.3923;633.0;1.0;2.0;0.9839;0.5;1.0;3.0;50.1667;2.0;1.25;3
bsh.BSHSwitchStatement;2.0;2.0;0.0;10.0;9.0;1.0;1.0;9.0;2.0;2.0;106.0;0.0;0.0;0.9474;0.625;2.0;2.0;52.0;1.0;1.0;0
org.gjt.sp.jedit.gui.OptionsDialog;11.0;7.0;0.0;24.0;99.0;35.0;3.0;24.0;8.0;0.8222;679.0;1.0;2.0;0.9858;0.2597;0.0;0.0;59.9091;10.0;2.6363636363636362;2
org.gjt.sp.jedit.io.FavoritesVFS;10.0;2.0;0.0;5.0;28.0;13.0;3.0;4.0;9.0;0.7222;215.0;0.75;1.0;0.7241;0.4722;1.0;3.0;20.1;2.0;1.3;2
org.gjt.sp.jedit.ModeCatalogHandler;6.0;2.0;0.0;5.0;28.0;3.0;1.0;5.0;4.0;0.7714;230.0;0.8571;0.0;0.7222;0.7222;1.0;3.0;36.1667;7.0;3.1666666666666665;1
org.gjt.sp.jedit.options.GeneralOptionPane;3.0;6.0;0.0;4.0;34.0;1.0;1.0;3.0;1.0;0.5;370.0;1.0;0.0;0.997;1.0;2.0;4.0;118.0;5.0;3.0;0
org.gjt.sp.jedit.textarea.TextAreaHighlight;3.0;1.0;0.0;5.0;3.0;3.0;4.0;1.0;3.0;2.0;3.0;0.0;0.0;0.0;0.4444;0.0;0.0;0.0;1.0;1.0;0
org.gjt.sp.jedit.gui.CurrentDirectoryMenu;2.0;8.0;0.0;10.0;30.0;1.0;2.0;9.0;2.0;2.0;171.0;0.0;0.0;0.9989;0.75;2.0;3.0;84.5;15.0;8.0;3
org.gjt.sp.jedit.EBPlugin;2.0;2.0;0.0;4.0;3.0;1.0;1.0;3.0;1.0;2.0;6.0;0.0;0.0;0.8889;0.75;0.0;0.0;2.0;1.0;1.0;0
org.gjt.sp.jedit.MiscUtilities;28.0;1.0;0.0;45.0;59.0;378.0;43.0;2.0;24.0;2.0;957.0;0.0;0.0;0.0;0.1837;0.0;0.0;33.1786;14.0;4.392857142857143;4
org.gjt.sp.jedit.gui.JCheckBoxList;8.0;5.0;0.0;4.0;33.0;28.0;2.0;2.0;7.0;2.0;143.0;0.0;0.0;0.9931;0.5;1.0;1.0;16.875;3.0;1.375;0
bsh.Node;7.0;1.0;0.0;36.0;7.0;21.0;36.0;0.0;7.0;2.0;7.0;0.0;0.0;0.0;0.5238;0.0;0.0;0.0;1.0;1.0;0
gnu.regexp.RETokenStart;3.0;2.0;0.0;4.0;9.0;1.0;1.0;3.0;0.0;0.5;106.0;1.0;0.0;0.7778;0.4444;1.0;2.0;34.0;11.0;4.333333333333333;0
org.gjt.sp.jedit.options.ColorOptionPane;8.0;6.0;0.0;5.0;31.0;20.0;2.0;4.0;1.0;0.7619;119.0;0.6667;1.0;0.9912;0.5;3.0;9.0;13.5;1.0;1.0;2
org.gjt.sp.jedit.textarea.TextRenderer2D;6.0;2.0;0.0;1.0;23.0;1.0;0.0;1.0;2.0;0.6;141.0;1.0;0.0;0.6875;0.4762;1.0;2.0;22.1667;3.0;1.5;0
org.gjt.sp.jedit.textarea.Gutter;30.0;4.0;0.0;10.0;73.0;337.0;7.0;7.0;25.0;0.9272;619.0;1.0;3.0;0.9578;0.1278;3.0;15.0;19.0333;20.0;1.9;8
bsh.BSHBinaryExpression;4.0;2.0;0.0;12.0;21.0;6.0;1.0;11.0;1.0;1.0;279.0;0.0;0.0;0.8571;0.45;1.0;1.0;68.5;4.0;2.5;0
org.gjt.sp.jedit.search.BoyerMooreSearchMatcher;7.0;1.0;0.0;5.0;16.0;0.0;1.0;4.0;4.0;0.6667;416.0;1.0;1.0;0.0;0.2653;0.0;0.0;57.1429;14.0;5.0;3
org.gjt.sp.jedit.options.StyleEditor;5.0;7.0;0.0;5.0;51.0;2.0;1.0;4.0;4.0;0.6429;380.0;1.0;0.0;0.9943;0.4;0.0;0.0;73.6;6.0;3.0;0
bsh.This;11.0;1.0;2.0;14.0;30.0;15.0;9.0;8.0;7.0;0.5667;182.0;0.0;3.0;0.0;0.2364;0.0;0.0;15.2727;3.0;1.1818181818181819;0
org.gjt.sp.jedit.proto.jeditresource.PluginResURLConnection;5.0;2.0;0.0;5.0;28.0;2.0;1.0;4.0;4.0;0.5625;200.0;0.75;0.0;0.9355;0.4667;1.0;7.0;38.2;8.0;2.4;1
bsh.BSHTryStatement;2.0;2.0;0.0;12.0;22.0;1.0;1.0;11.0;1.0;2.0;185.0;0.0;0.0;0.9474;0.625;1.0;2.0;91.5;1.0;1.0;0
org.gjt.sp.jedit.Buffer;117.0;3.0;0.0;102.0;305.0;5864.0;79.0;40.0;90.0;0.9507;4986.0;0.7907;7.0;0.3409;0.0737;1.0;1.0;41.2479;35.0;3.888888888888889;25
bsh.BSHWhileStatement;2.0;2.0;0.0;10.0;7.0;1.0;1.0;9.0;1.0;1.0;79.0;0.0;0.0;0.9474;0.625;1.0;1.0;38.0;1.0;1.0;0
org.gjt.sp.jedit.gui.BufferOptions;15.0;7.0;0.0;12.0;90.0;47.0;2.0;11.0;3.0;0.808;1182.0;1.0;3.0;0.9802;0.2833;1.0;1.0;76.7333;8.0;1.8666666666666667;6
org.gjt.sp.jedit.proto.jeditresource.Handler;2.0;2.0;0.0;1.0;5.0;1.0;0.0;1.0;2.0;2.0;14.0;0.0;0.0;0.9231;0.75;0.0;0.0;6.0;1.0;1.0;0
gnu.regexp.CharIndexed;3.0;1.0;0.0;24.0;3.0;3.0;24.0;0.0;3.0;1.5;4.0;0.0;0.0;0.0;0.8333;0.0;0.0;0.0;1.0;1.0;0
org.gjt.sp.jedit.options.BrowserOptionPane;3.0;6.0;0.0;3.0;17.0;1.0;1.0;2.0;3.0;0.5;263.0;1.0;0.0;0.997;1.0;2.0;4.0;84.0;5.0;2.3333333333333335;2
bsh.InterpreterError;1.0;4.0;0.0;16.0;2.0;0.0;16.0;0.0;1.0;2.0;5.0;0.0;0.0;1.0;1.0;0.0;0.0;4.0;1.0;1.0;0
org.gjt.sp.jedit.textarea.TextRenderer;13.0;1.0;2.0;6.0;32.0;76.0;5.0;2.0;8.0;0.9722;439.0;0.0;0.0;0.0;0.3182;0.0;0.0;32.5385;10.0;2.923076923076923;0
org.gjt.sp.jedit.gui.HistoryModel;10.0;1.0;0.0;10.0;47.0;17.0;8.0;3.0;8.0;0.6222;299.0;0.8;0.0;0.0;0.35;0.0;0.0;28.4;10.0;2.9;0
org.gjt.sp.jedit.Registers;14.0;1.0;0.0;9.0;45.0;61.0;3.0;6.0;11.0;0.7692;424.0;0.3333;1.0;0.0;0.2949;0.0;0.0;29.0714;9.0;3.142857142857143;0
bsh.BSHTernaryExpression;2.0;2.0;0.0;7.0;6.0;1.0;1.0;6.0;1.0;2.0;36.0;0.0;0.0;0.9474;0.625;1.0;1.0;17.0;1.0;1.0;0
gnu.regexp.RETokenRepeated;7.0;2.0;0.0;4.0;21.0;0.0;1.0;3.0;0.0;0.5417;300.0;1.0;1.0;0.5385;0.3333;1.0;4.0;41.2857;16.0;4.857142857142857;0
org.gjt.sp.jedit.search.DirectoryListSet;8.0;2.0;0.0;8.0;33.0;12.0;2.0;6.0;5.0;0.7143;225.0;0.75;0.0;0.5;0.2917;0.0;0.0;26.625;9.0;2.25;0
gnu.regexp.REMatchEnumeration;6.0;1.0;0.0;3.0;11.0;9.0;1.0;3.0;5.0;0.6;113.0;1.0;3.0;0.0;0.3333;0.0;0.0;16.3333;5.0;1.6666666666666667;0
org.gjt.sp.jedit.gui.StatusBar;14.0;5.0;0.0;20.0;64.0;37.0;17.0;11.0;8.0;0.8571;517.0;0.9286;3.0;0.9808;0.2571;3.0;5.0;34.9286;6.0;1.7857142857142858;4
bsh.BSHType;6.0;2.0;0.0;16.0;14.0;3.0;8.0;8.0;5.0;0.6667;92.0;1.0;0.0;0.7826;0.4444;0.0;0.0;13.8333;1.0;1.0;0
bsh.XThis;5.0;2.0;0.0;4.0;18.0;8.0;1.0;4.0;2.0;0.75;106.0;0.0;0.0;0.7143;0.3333;1.0;2.0;20.0;3.0;1.4;0
gnu.regexp.RETokenOneOf;5.0;2.0;0.0;5.0;22.0;0.0;1.0;4.0;0.0;0.125;206.0;1.0;0.0;0.7;0.35;1.0;4.0;39.8;11.0;4.6;0
org.gjt.sp.jedit.Mode;12.0;1.0;0.0;19.0;31.0;36.0;15.0;6.0;12.0;0.7455;238.0;1.0;3.0;0.0;0.4167;0.0;0.0;18.4167;5.0;2.0833333333333335;1
bsh.BSHArrayDimensions;4.0;2.0;0.0;10.0;21.0;2.0;2.0;8.0;3.0;0.5556;174.0;0.3333;0.0;0.8571;0.5;1.0;1.0;41.75;1.0;1.0;0
bsh.BSHLiteral;5.0;2.0;0.0;7.0;20.0;4.0;1.0;6.0;2.0;0.5;153.0;0.0;0.0;0.8182;0.3667;0.0;0.0;29.4;10.0;4.2;0
org.gjt.sp.jedit.browser.FileCellRenderer;4.0;5.0;0.0;5.0;32.0;0.0;1.0;4.0;2.0;0.5758;313.0;0.9091;0.0;0.9957;0.375;0.0;0.0;74.5;11.0;4.25;4
org.gjt.sp.jedit.options.StyleTableModel;8.0;2.0;0.0;6.0;19.0;0.0;2.0;4.0;6.0;0.2857;157.0;1.0;0.0;0.6957;0.4063;1.0;2.0;18.5;4.0;2.0;0
gnu.regexp.CharIndexedString;4.0;1.0;0.0;2.0;7.0;0.0;1.0;1.0;3.0;0.2222;62.0;1.0;0.0;0.0;0.6667;0.0;0.0;13.75;3.0;2.0;0
org.gjt.sp.jedit.gui.DockableWindowContainer;5.0;1.0;0.0;5.0;5.0;10.0;4.0;1.0;5.0;2.0;5.0;0.0;0.0;0.0;1.0;0.0;0.0;0.0;1.0;1.0;0
org.gjt.sp.jedit.options.AbbrevsModel;10.0;2.0;0.0;8.0;29.0;3.0;4.0;5.0;8.0;0.3333;185.0;0.0;0.0;0.6667;0.425;1.0;2.0;17.4;5.0;2.6;0
org.gjt.sp.jedit.TextUtilities;9.0;1.0;0.0;8.0;39.0;36.0;5.0;4.0;9.0;2.0;904.0;0.0;0.0;0.0;0.3016;0.0;0.0;99.4444;22.0;6.888888888888889;5
org.gjt.sp.jedit.textarea.TextRendererAWT;4.0;2.0;0.0;1.0;11.0;6.0;1.0;1.0;0.0;2.0;93.0;0.0;0.0;0.7857;0.5714;1.0;2.0;22.25;5.0;2.0;0
org.gjt.sp.jedit.options.TextAreaOptionPane;3.0;6.0;0.0;4.0;24.0;1.0;1.0;3.0;3.0;0.5;321.0;1.0;1.0;0.997;1.0;2.0;4.0;102.0;3.0;2.0;0
org.gjt.sp.jedit.EditPlugin;9.0;1.0;2.0;11.0;12.0;34.0;10.0;3.0;8.0;0.875;30.0;1.0;1.0;0.0;0.2593;0.0;0.0;2.2222;1.0;1.0;1
gnu.regexp.CharIndexedReader;5.0;1.0;0.0;3.0;12.0;0.0;2.0;1.0;3.0;0.4688;272.0;1.0;0.0;0.0;0.6;0.0;0.0;51.8;10.0;4.4;0
bsh.BSHLHSPrimarySuffix;5.0;2.0;0.0;14.0;27.0;10.0;2.0;12.0;1.0;1.0714;182.0;0.0;0.0;0.8182;0.72;0.0;0.0;34.0;1.0;1.0;0
org.gjt.sp.util.Log;13.0;1.0;0.0;64.0;53.0;36.0;64.0;1.0;7.0;0.8869;430.0;0.5;0.0;0.0;0.1786;0.0;0.0;31.0;7.0;2.5384615384615383;0
org.gjt.sp.jedit.browser.VFSBrowser;54.0;5.0;0.0;41.0;167.0;1183.0;21.0;27.0;25.0;0.9311;1404.0;0.8077;5.0;0.9275;0.1229;3.0;12.0;24.5185;15.0;2.388888888888889;18
bsh.EvalError;11.0;3.0;2.0;51.0;20.0;0.0;51.0;1.0;9.0;0.1;137.0;0.0;1.0;0.6538;0.5758;1.0;1.0;11.3636;2.0;1.3636363636363635;0
org.gjt.sp.jedit.options.DockingOptionPane;5.0;6.0;0.0;6.0;49.0;6.0;2.0;5.0;3.0;0.75;252.0;1.0;1.0;0.9941;1.0;2.0;4.0;48.4;2.0;1.2;1
org.gjt.sp.jedit.syntax.KeywordMap;8.0;1.0;0.0;5.0;15.0;0.0;4.0;2.0;6.0;0.4286;135.0;1.0;1.0;0.0;0.3958;0.0;0.0;15.5;5.0;1.5;0
org.gjt.sp.jedit.options.WindowTableModel;11.0;2.0;0.0;7.0;30.0;25.0;3.0;6.0;9.0;0.8333;190.0;0.3333;0.0;0.6154;0.3864;1.0;2.0;16.0;5.0;2.090909090909091;0
org.gjt.sp.jedit.browser.BrowserPopupMenu;5.0;5.0;0.0;14.0;42.0;6.0;4.0;11.0;1.0;0.8333;446.0;1.0;3.0;0.9945;0.32;0.0;0.0;87.6;17.0;4.4;0
bsh.Interpreter;51.0;1.0;0.0;58.0;132.0;925.0;44.0;21.0;42.0;0.7765;1458.0;0.1176;5.0;0.0;0.144;0.0;0.0;27.2549;33.0;1.8627450980392157;0
org.gjt.sp.jedit.gui.HelpViewer;19.0;6.0;0.0;21.0;121.0;129.0;7.0;20.0;6.0;0.7778;753.0;1.0;0.0;0.9759;0.203;3.0;6.0;38.1579;7.0;1.5789473684210527;5
org.gjt.sp.jedit.JARClassLoader;14.0;2.0;0.0;11.0;87.0;35.0;6.0;7.0;8.0;0.6731;887.0;0.75;1.0;0.8481;0.619;1.0;7.0;62.0714;13.0;2.4285714285714284;4
org.gjt.sp.jedit.gui.DefaultInputHandler;12.0;3.0;0.0;6.0;52.0;8.0;2.0;5.0;10.0;0.6727;500.0;0.6;0.0;0.6667;0.303;1.0;4.0;40.25;18.0;5.083333333333333;5
org.gjt.sp.jedit.msg.CreateDockableWindow;7.0;2.0;0.0;6.0;15.0;9.0;2.0;4.0;7.0;0.7222;64.0;1.0;1.0;0.4545;0.3571;1.0;1.0;7.7143;2.0;1.1428571428571428;0
org.gjt.sp.jedit.options.EditingOptionPane;3.0;6.0;0.0;4.0;23.0;1.0;1.0;3.0;1.0;0.5;330.0;1.0;0.0;0.997;1.0;2.0;4.0;105.3333;3.0;1.6666666666666667;3
org.gjt.sp.jedit.gui.GrabKeyDialog;20.0;6.0;0.0;7.0;69.0;156.0;4.0;6.0;5.0;0.9;481.0;0.9;2.0;0.9733;0.1722;1.0;1.0;22.55;8.0;2.0;1
bsh.ConsoleInterface;6.0;1.0;0.0;1.0;6.0;15.0;1.0;0.0;6.0;2.0;6.0;0.0;0.0;0.0;0.75;0.0;0.0;0.0;1.0;1.0;0
org.gjt.sp.jedit.textarea.JEditTextArea;210.0;4.0;0.0;59.0;424.0;11271.0;40.0;39.0;169.0;0.8828;7562.0;0.8605;10.0;0.7598;0.0845;2.0;8.0;34.8048;25.0;3.2714285714285714;45
bsh.BSHBlock;3.0;2.0;0.0;14.0;10.0;3.0;5.0;9.0;2.0;2.0;63.0;0.0;0.0;0.9;0.6;1.0;1.0;20.0;1.0;1.0;0
org.gjt.sp.jedit.GUIUtilities;39.0;1.0;0.0;70.0;142.0;725.0;58.0;21.0;34.0;0.9553;1498.0;0.3;1.0;0.0;0.136;0.0;0.0;37.1538;16.0;2.7948717948717947;8
bsh.BSHFormalParameters;2.0;2.0;0.0;9.0;6.0;1.0;3.0;6.0;1.0;1.0;54.0;0.0;0.0;0.9474;0.6667;1.0;2.0;24.5;1.0;1.0;0
org.gjt.sp.jedit.EBComponent;1.0;1.0;0.0;31.0;1.0;0.0;31.0;1.0;1.0;2.0;1.0;0.0;0.0;0.0;1.0;0.0;0.0;0.0;1.0;1.0;0
bsh.ReflectManager;4.0;1.0;1.0;4.0;12.0;6.0;2.0;2.0;4.0;0.6667;37.0;1.0;1.0;0.0;0.5;0.0;0.0;8.0;2.0;1.25;0
org.gjt.sp.jedit.gui.KeyEventWorkaround;4.0;1.0;0.0;5.0;16.0;2.0;5.0;0.0;2.0;1.0833;179.0;0.875;0.0;0.0;0.3333;0.0;0.0;41.75;22.0;10.0;5
org.gjt.sp.jedit.pluginmgr.PluginManager;11.0;6.0;0.0;11.0;63.0;27.0;6.0;9.0;1.0;0.775;559.0;1.0;0.0;0.9858;0.3636;0.0;0.0;49.0909;9.0;1.7272727272727273;3
org.gjt.sp.jedit.gui.PastePrevious;12.0;7.0;0.0;7.0;56.0;52.0;1.0;7.0;10.0;0.7091;275.0;1.0;2.0;0.9844;0.2778;0.0;0.0;21.5;3.0;1.4166666666666667;1
bsh.BSHPrimaryExpression;2.0;2.0;0.0;8.0;8.0;1.0;1.0;7.0;1.0;2.0;50.0;0.0;0.0;0.9474;0.625;1.0;1.0;24.0;1.0;1.0;0
org.gjt.sp.jedit.EditPane;19.0;5.0;0.0;31.0;127.0;57.0;16.0;22.0;12.0;0.5952;820.0;1.0;6.0;0.9736;0.2105;1.0;2.0;41.7895;30.0;3.736842105263158;5
org.gjt.sp.jedit.search.CurrentBufferSet;6.0;1.0;0.0;6.0;8.0;15.0;3.0;3.0;6.0;2.0;24.0;0.0;0.0;0.0;0.5556;0.0;0.0;3.0;2.0;1.1666666666666667;0
org.gjt.sp.jedit.EBMessage;6.0;1.0;3.0;29.0;13.0;7.0;29.0;1.0;6.0;0.6;50.0;1.0;1.0;0.0;0.5833;0.0;0.0;7.0;1.0;1.0;0
org.gjt.sp.jedit.search.SearchBar;13.0;5.0;0.0;14.0;65.0;14.0;4.0;14.0;4.0;0.6333;388.0;1.0;2.0;0.9823;0.3231;3.0;5.0;28.4615;8.0;1.6923076923076923;3
org.gjt.sp.jedit.options.AbbrevsOptionPane;7.0;6.0;0.0;9.0;55.0;5.0;4.0;8.0;1.0;0.7333;288.0;1.0;1.0;0.9912;0.5;3.0;9.0;39.4286;3.0;1.4285714285714286;1
org.gjt.sp.jedit.textarea.MarkerHighlight;8.0;1.0;0.0;8.0;28.0;6.0;1.0;7.0;8.0;0.6786;159.0;1.0;2.0;0.0;0.2344;0.0;0.0;18.375;6.0;2.125;0
org.gjt.sp.jedit.gui.CloseDialog;13.0;7.0;0.0;7.0;52.0;56.0;3.0;7.0;4.0;0.8452;302.0;1.0;1.0;0.983;0.2885;0.0;0.0;21.6923;3.0;1.3076923076923077;3
org.gjt.sp.jedit.gui.AboutDialog;3.0;7.0;0.0;4.0;32.0;3.0;1.0;4.0;3.0;1.0;172.0;1.0;0.0;0.9971;0.6667;0.0;0.0;56.0;1.0;1.0;2
org.gjt.sp.jedit.search.SearchDialog;30.0;7.0;0.0;22.0;127.0;315.0;7.0;20.0;4.0;0.8301;1576.0;0.8889;5.0;0.9612;0.2333;2.0;2.0;50.6333;12.0;2.2333333333333334;7
org.gjt.sp.jedit.BeanShell;15.0;1.0;0.0;26.0;73.0;73.0;9.0;19.0;12.0;0.7857;745.0;0.8333;3.0;0.0;0.2476;0.0;0.0;48.2667;13.0;4.466666666666667;4
gnu.regexp.RETokenLookAhead;2.0;2.0;0.0;6.0;8.0;0.0;1.0;6.0;0.0;0.0;69.0;0.0;1.0;0.875;0.5714;1.0;1.0;32.5;7.0;4.0;0
org.gjt.sp.jedit.msg.EditPaneUpdate;5.0;3.0;0.0;5.0;13.0;4.0;2.0;4.0;4.0;0.875;50.0;0.25;0.0;0.6667;0.5;1.0;1.0;8.2;2.0;1.2;0
gnu.regexp.RESyntax;9.0;1.0;0.0;4.0;18.0;0.0;4.0;1.0;8.0;1.016;361.0;0.1064;16.0;0.0;0.4063;0.0;0.0;33.8889;2.0;1.3333333333333333;0
bsh.BSHTypedVariableDeclaration;3.0;2.0;0.0;11.0;13.0;3.0;1.0;10.0;1.0;1.0;101.0;0.0;0.0;0.9;0.4444;1.0;1.0;32.3333;6.0;2.6666666666666665;0
org.gjt.sp.jedit.search.AllBufferSet;5.0;2.0;0.0;7.0;22.0;4.0;1.0;6.0;3.0;0.625;93.0;0.5;0.0;0.6364;0.6;0.0;0.0;17.2;4.0;1.6;0
org.gjt.sp.jedit.EditAction;16.0;1.0;2.0;23.0;25.0;106.0;21.0;2.0;15.0;0.8;124.0;1.0;0.0;0.0;0.2054;0.0;0.0;6.625;4.0;1.375;0
bsh.ReturnControl;1.0;1.0;0.0;10.0;2.0;0.0;9.0;1.0;1.0;2.0;12.0;0.0;0.0;0.0;1.0;0.0;0.0;9.0;1.0;1.0;0
org.gjt.sp.jedit.EditServer;6.0;2.0;0.0;6.0;49.0;9.0;3.0;5.0;3.0;0.8;303.0;1.0;0.0;0.9254;0.3056;0.0;0.0;48.8333;8.0;2.1666666666666665;4
org.gjt.sp.jedit.gui.BufferSwitcher;4.0;5.0;0.0;6.0;16.0;0.0;4.0;5.0;2.0;0.5;54.0;1.0;1.0;0.9959;0.4167;0.0;0.0;12.0;2.0;1.25;0
bsh.ParserConstants;1.0;1.0;0.0;12.0;1.0;0.0;12.0;0.0;0.0;2.0;617.0;0.0;0.0;0.0;0.0;0.0;0.0;496.0;1.0;1.0;0
gnu.regexp.RETokenEnd;3.0;2.0;0.0;4.0;9.0;1.0;1.0;3.0;0.0;0.5;71.0;1.0;0.0;0.7778;0.4444;1.0;2.0;22.3333;6.0;2.6666666666666665;0
org.gjt.sp.jedit.msg.MacrosChanged;1.0;3.0;0.0;4.0;2.0;0.0;2.0;2.0;1.0;2.0;5.0;0.0;0.0;1.0;1.0;0.0;0.0;4.0;1.0;1.0;0
org.gjt.sp.jedit.View;55.0;6.0;0.0;109.0;193.0;1197.0;99.0;30.0;40.0;0.8947;1408.0;0.875;8.0;0.9272;0.0785;1.0;1.0;24.3091;14.0;2.4727272727272727;5
org.gjt.sp.jedit.search.CharIndexedSegment;4.0;1.0;0.0;2.0;5.0;0.0;1.0;1.0;3.0;0.0;63.0;1.0;0.0;0.0;0.6667;0.0;0.0;14.25;2.0;1.75;0
org.gjt.sp.jedit.io.VFS;22.0;1.0;4.0;23.0;36.0;175.0;20.0;6.0;22.0;0.9932;239.0;0.1429;0.0;0.0;0.392;0.0;0.0;9.5455;4.0;1.3636363636363635;4
org.gjt.sp.jedit.pluginmgr.PluginManagerProgress;16.0;6.0;0.0;14.0;58.0;84.0;13.0;9.0;8.0;0.9;307.0;1.0;1.0;0.9788;0.2109;3.0;7.0;17.6875;3.0;1.125;1
bsh.LHS;8.0;1.0;0.0;15.0;31.0;0.0;8.0;9.0;3.0;0.7662;356.0;0.0;1.0;0.0;0.375;0.0;0.0;42.125;2.0;1.375;0
gnu.regexp.RETokenWordBoundary;3.0;2.0;0.0;4.0;8.0;0.0;1.0;3.0;0.0;0.75;151.0;0.5;0.0;0.7778;0.4444;1.0;2.0;48.0;18.0;7.666666666666667;0
gnu.regexp.RETokenEndSub;3.0;2.0;0.0;4.0;5.0;3.0;1.0;3.0;0.0;2.0;20.0;0.0;0.0;0.7778;0.4667;1.0;2.0;5.6667;1.0;1.0;0
org.gjt.sp.jedit.gui.AddAbbrevDialog;6.0;6.0;0.0;7.0;33.0;5.0;3.0;6.0;1.0;0.8333;213.0;1.0;2.0;0.9928;0.3333;0.0;0.0;33.5;1.0;1.0;0
gnu.regexp.RETokenRange;4.0;2.0;0.0;4.0;9.0;0.0;1.0;3.0;0.0;0.4444;80.0;1.0;0.0;0.7;0.3571;1.0;2.0;18.25;5.0;2.5;0
bsh.BSHFormalParameter;3.0;2.0;0.0;9.0;7.0;1.0;3.0;6.0;1.0;1.0;30.0;0.0;0.0;0.9474;0.6667;1.0;2.0;8.0;1.0;1.0;0
org.gjt.sp.jedit.options.ContextAddDialog;10.0;7.0;0.0;7.0;55.0;21.0;2.0;6.0;4.0;0.8333;381.0;1.0;0.0;0.9872;0.3;0.0;0.0;36.3;5.0;1.4;0
com.microstar.xml.XmlParser;118.0;1.0;0.0;6.0;180.0;6075.0;5.0;1.0;27.0;0.9211;5203.0;0.7174;1.0;0.0;0.1381;0.0;0.0;42.3136;9.0;1.5847457627118644;0
org.gjt.sp.jedit.gui.RecentFilesMenu;2.0;8.0;0.0;11.0;23.0;1.0;3.0;11.0;2.0;2.0;92.0;0.0;0.0;0.9989;0.75;2.0;2.0;45.0;5.0;3.0;1
org.gjt.sp.jedit.io.VFSManager;22.0;1.0;0.0;39.0;63.0;143.0;33.0;13.0;16.0;0.8571;297.0;0.8889;3.0;0.0;0.1088;0.0;0.0;12.0909;8.0;1.5454545454545454;2
bsh.commands.dir;6.0;1.0;0.0;2.0;40.0;13.0;0.0;2.0;5.0;0.6;374.0;0.0;0.0;0.0;0.28;0.0;0.0;61.1667;11.0;3.3333333333333335;0
org.gjt.sp.jedit.OptionGroup;9.0;1.0;0.0;5.0;20.0;0.0;3.0;2.0;9.0;0.5;111.0;1.0;0.0;0.0;0.2593;0.0;0.0;11.1111;3.0;1.6666666666666667;0
gnu.regexp.REException;4.0;3.0;0.0;4.0;13.0;0.0;4.0;1.0;3.0;1.2222;71.0;0.1333;0.0;0.85;0.5;1.0;1.0;13.0;1.0;1.0;0
bsh.JJTParserState;12.0;1.0;0.0;3.0;25.0;0.0;2.0;1.0;0.0;0.4364;218.0;1.0;0.0;0.0;0.3958;0.0;0.0;16.75;3.0;1.4166666666666667;0
bsh.BSHLHSPrimaryExpression;2.0;2.0;0.0;11.0;9.0;1.0;3.0;8.0;1.0;2.0;65.0;0.0;0.0;0.9474;0.625;0.0;0.0;31.5;1.0;1.0;0
bsh.StringUtil;5.0;1.0;0.0;1.0;24.0;10.0;1.0;0.0;5.0;2.0;206.0;0.0;0.0;0.0;0.3;0.0;0.0;40.2;6.0;3.2;0
bsh.BshClassManager;25.0;1.0;0.0;10.0;38.0;290.0;7.0;3.0;22.0;0.8889;162.0;1.0;1.0;0.0;0.1574;0.0;0.0;5.24;3.0;1.24;0
org.gjt.sp.jedit.options.Abbrev;2.0;1.0;0.0;2.0;3.0;1.0;2.0;0.0;0.0;1.0;16.0;0.0;0.0;0.0;0.75;0.0;0.0;6.0;1.0;1.0;0
bsh.Name;19.0;1.0;0.0;19.0;71.0;91.0;6.0;15.0;9.0;0.7083;1263.0;0.625;1.0;0.0;0.2749;0.0;0.0;65.0526;5.0;1.6842105263157894;0
org.gjt.sp.jedit.gui.OpenWithEncodingMenu;1.0;8.0;0.0;4.0;15.0;0.0;2.0;4.0;1.0;2.0;79.0;0.0;0.0;1.0;1.0;0.0;0.0;78.0;2.0;2.0;1
org.gjt.sp.jedit.OptionPane;4.0;1.0;0.0;5.0;4.0;6.0;5.0;0.0;4.0;2.0;4.0;0.0;0.0;0.0;1.0;0.0;0.0;0.0;1.0;1.0;0
gnu.regexp.RETokenChar;5.0;2.0;0.0;5.0;12.0;0.0;2.0;3.0;0.0;0.375;127.0;1.0;0.0;0.6364;0.3;1.0;2.0;24.0;4.0;2.0;0
gnu.regexp.REMatch;15.0;1.0;0.0;19.0;28.0;0.0;18.0;1.0;11.0;0.6696;391.0;0.125;1.0;0.0;0.3333;0.0;0.0;24.5333;6.0;2.4;0
org.gjt.sp.util.WorkRequest;6.0;1.0;3.0;4.0;12.0;15.0;3.0;1.0;6.0;2.0;49.0;0.0;0.0;0.0;0.4167;0.0;0.0;7.1667;2.0;1.6666666666666667;0
gnu.regexp.REFilterReader;5.0;3.0;0.0;4.0;18.0;8.0;0.0;4.0;5.0;0.375;176.0;1.0;2.0;0.8182;0.3667;2.0;3.0;33.0;7.0;2.8;0
org.gjt.sp.jedit.pluginmgr.InstallPluginsDialog;12.0;7.0;0.0;9.0;67.0;40.0;3.0;8.0;2.0;0.9432;675.0;0.875;1.0;0.9844;0.2222;1.0;3.0;53.9167;10.0;2.0833333333333335;4
org.gjt.sp.jedit.gui.CheckBoxListModel;11.0;2.0;0.0;2.0;23.0;25.0;1.0;1.0;7.0;0.8333;167.0;0.0;0.0;0.64;0.303;2.0;2.0;13.9091;6.0;2.272727272727273;0
com.microstar.xml.XmlHandler;13.0;1.0;0.0;6.0;13.0;78.0;6.0;0.0;13.0;2.0;13.0;0.0;0.0;0.0;0.4308;0.0;0.0;0.0;1.0;1.0;0
org.gjt.sp.jedit.gui.EnhancedMenuItem;5.0;6.0;0.0;5.0;33.0;2.0;2.0;3.0;3.0;0.4583;191.0;1.0;1.0;0.9963;0.4375;3.0;10.0;36.0;8.0;3.2;2
org.gjt.sp.jedit.syntax.ParserRule;1.0;1.0;0.0;6.0;2.0;0.0;6.0;0.0;0.0;2.0;21.0;0.0;1.0;0.0;1.0;0.0;0.0;15.0;1.0;1.0;0
org.gjt.sp.jedit.browser.BrowserListener;2.0;1.0;0.0;4.0;2.0;1.0;3.0;2.0;2.0;2.0;2.0;0.0;0.0;0.0;1.0;0.0;0.0;0.0;1.0;1.0;0
org.gjt.sp.jedit.gui.SplashScreen;3.0;5.0;0.0;4.0;37.0;1.0;2.0;3.0;2.0;0.5;135.0;1.0;0.0;0.9969;0.5;0.0;0.0;43.6667;2.0;1.3333333333333333;0
bsh.Primitive;45.0;1.0;0.0;41.0;77.0;898.0;36.0;5.0;28.0;0.7955;1472.0;0.25;2.0;0.0;0.0833;0.0;0.0;31.6222;12.0;2.466666666666667;0
org.gjt.sp.jedit.options.ShortcutsOptionPane;13.0;6.0;0.0;11.0;59.0;50.0;5.0;10.0;1.0;0.8167;342.0;1.0;1.0;0.9825;0.2436;3.0;9.0;24.9231;4.0;1.6153846153846154;0
bsh.Reflect;36.0;1.0;0.0;23.0;109.0;630.0;12.0;14.0;14.0;2.0;1557.0;0.0;0.0;0.0;0.156;0.0;0.0;42.25;30.0;3.138888888888889;0
org.gjt.sp.jedit.gui.ViewRegisters;6.0;7.0;0.0;8.0;46.0;9.0;3.0;8.0;3.0;0.8;299.0;1.0;0.0;0.9928;0.3889;0.0;0.0;48.3333;6.0;1.8333333333333333;0
gnu.regexp.CharUnit;1.0;1.0;0.0;1.0;2.0;0.0;1.0;0.0;0.0;2.0;6.0;0.0;0.0;0.0;1.0;0.0;0.0;3.0;1.0;1.0;0
org.gjt.sp.jedit.gui.EnhancedMenu;1.0;7.0;6.0;8.0;21.0;0.0;7.0;2.0;1.0;2.0;93.0;0.0;0.0;1.0;1.0;0.0;0.0;92.0;8.0;8.0;0
org.gjt.sp.util.WorkThreadPool;19.0;1.0;0.0;12.0;47.0;83.0;11.0;6.0;9.0;0.863;558.0;0.6667;5.0;0.0;0.1696;0.0;0.0;27.5789;12.0;2.8421052631578947;1
org.gjt.sp.jedit.gui.DockableWindow;2.0;1.0;0.0;12.0;2.0;1.0;12.0;0.0;2.0;2.0;3.0;0.0;0.0;0.0;1.0;0.0;0.0;0.0;1.0;1.0;0
bsh.Capabilities;7.0;1.0;0.0;5.0;12.0;13.0;5.0;0.0;6.0;0.5;64.0;1.0;0.0;0.0;0.1667;0.0;0.0;7.8571;4.0;1.8571428571428572;0
org.gjt.sp.jedit.Autosave;4.0;1.0;0.0;2.0;11.0;4.0;1.0;2.0;3.0;0.6667;58.0;1.0;0.0;0.0;0.3333;0.0;0.0;13.25;4.0;2.25;0
org.gjt.sp.jedit.gui.FontSelectorDialog;17.0;7.0;0.0;5.0;79.0;98.0;3.0;4.0;4.0;0.875;650.0;1.0;0.0;0.9788;0.1875;1.0;3.0;36.5882;5.0;1.2941176470588236;0
org.gjt.sp.jedit.gui.CompleteWord;6.0;5.0;0.0;5.0;32.0;0.0;3.0;5.0;2.0;0.4;121.0;1.0;1.0;0.9923;0.2778;0.0;0.0;18.6667;1.0;1.0;1
bsh.ClassPathException;1.0;4.0;0.0;3.0;2.0;0.0;2.0;1.0;1.0;2.0;5.0;0.0;0.0;1.0;1.0;0.0;0.0;4.0;1.0;1.0;0
bsh.BSHMethodDeclaration;3.0;2.0;0.0;11.0;14.0;1.0;2.0;10.0;2.0;0.875;134.0;0.0;2.0;0.9;0.5556;1.0;3.0;42.3333;1.0;1.0;0
org.gjt.sp.jedit.gui.EnhancedDialog;3.0;6.0;16.0;19.0;13.0;3.0;19.0;3.0;3.0;1.0;43.0;1.0;1.0;0.9971;0.5;0.0;0.0;13.0;1.0;1.0;0
org.gjt.sp.jedit.options.ContextOptionPane;13.0;6.0;0.0;13.0;64.0;46.0;7.0;9.0;1.0;0.7857;426.0;1.0;0.0;0.9825;0.3333;2.0;4.0;31.2308;6.0;2.076923076923077;1
org.gjt.sp.jedit.browser.BrowserView;19.0;5.0;0.0;13.0;77.0;71.0;8.0;10.0;8.0;0.8131;481.0;1.0;3.0;0.9736;0.1988;0.0;0.0;23.7368;10.0;2.210526315789474;17
bsh.BSHSwitchLabel;2.0;2.0;0.0;7.0;5.0;1.0;2.0;5.0;2.0;1.0;22.0;0.0;0.0;0.9474;0.625;1.0;1.0;9.5;1.0;1.0;0
org.gjt.sp.jedit.options.PrintOptionPane;3.0;6.0;0.0;4.0;24.0;1.0;1.0;3.0;1.0;0.5;253.0;1.0;1.0;0.997;1.0;1.0;4.0;80.0;1.0;1.0;1
org.gjt.sp.jedit.io.UrlVFS;6.0;2.0;0.0;4.0;20.0;15.0;1.0;4.0;6.0;2.0;93.0;0.0;0.0;0.8077;0.5;1.0;3.0;14.5;2.0;1.1666666666666667;1
org.gjt.sp.util.WorkThread;14.0;2.0;0.0;8.0;34.0;37.0;5.0;4.0;11.0;0.7607;314.0;0.8889;1.0;0.8267;0.2245;0.0;0.0;20.7857;8.0;1.7857142857142858;1
com.microstar.xml.XmlException;5.0;3.0;0.0;5.0;6.0;2.0;5.0;0.0;5.0;0.75;36.0;1.0;0.0;0.8095;0.4667;1.0;1.0;5.4;1.0;1.0;0
org.gjt.sp.jedit.msg.PropertiesChanged;1.0;3.0;0.0;8.0;2.0;0.0;6.0;2.0;1.0;2.0;5.0;0.0;0.0;1.0;1.0;0.0;0.0;4.0;1.0;1.0;0
bsh.BSHPrimarySuffix;5.0;2.0;0.0;16.0;35.0;10.0;2.0;14.0;1.0;1.1429;256.0;0.0;0.0;0.8182;0.72;0.0;0.0;48.8;1.0;1.0;0
org.gjt.sp.jedit.AbstractOptionPane;10.0;5.0;15.0;17.0;26.0;29.0;15.0;2.0;5.0;0.8056;258.0;1.0;0.0;0.9866;0.5;0.0;0.0;24.4;2.0;1.2;1
org.gjt.sp.jedit.Abbrevs;18.0;1.0;0.0;12.0;95.0;47.0;4.0;10.0;9.0;0.7731;734.0;0.8571;0.0;0.0;0.1046;0.0;0.0;39.3889;16.0;2.8333333333333335;0
gnu.regexp.REToken;8.0;1.0;13.0;15.0;9.0;12.0;13.0;2.0;0.0;0.7619;66.0;1.0;2.0;0.0;0.3542;0.0;0.0;6.875;3.0;1.375;0
bsh.BSHPrimitiveType;2.0;2.0;0.0;4.0;3.0;1.0;3.0;1.0;1.0;1.0;10.0;0.0;0.0;0.9474;0.75;0.0;0.0;3.5;1.0;1.0;0
org.gjt.sp.jedit.syntax.XModeHandler;19.0;2.0;0.0;11.0;74.0;123.0;1.0;11.0;8.0;0.8889;1109.0;1.0;5.0;0.4194;0.2339;1.0;1.0;56.0526;34.0;5.7368421052631575;2
org.gjt.sp.jedit.io.BufferIORequest;11.0;2.0;0.0;10.0;94.0;21.0;2.0;10.0;3.0;0.8286;1270.0;0.5;3.0;0.3333;0.2364;0.0;0.0;113.1818;18.0;5.090909090909091;9
org.gjt.sp.jedit.Macros;23.0;1.0;0.0;29.0;89.0;213.0;11.0;24.0;16.0;0.9026;532.0;0.8571;0.0;0.0;0.1623;0.0;0.0;21.8261;6.0;2.0;6
org.gjt.sp.jedit.search.BufferListSet;9.0;1.0;2.0;9.0;24.0;6.0;4.0;7.0;8.0;0.375;166.0;1.0;0.0;0.0;0.2963;0.0;0.0;17.3333;6.0;2.0;0
org.gjt.sp.jedit.syntax.TokenMarker;10.0;1.0;0.0;10.0;45.0;9.0;4.0;8.0;7.0;0.9511;1435.0;0.44;1.0;0.0;0.3143;0.0;0.0;140.0;38.0;10.1;1
org.gjt.sp.jedit.gui.FontSelector;3.0;6.0;0.0;5.0;18.0;3.0;4.0;2.0;1.0;2.0;66.0;0.0;0.0;0.9974;0.4444;0.0;0.0;21.0;2.0;1.3333333333333333;0
org.gjt.sp.jedit.options.ColorTableModel;8.0;2.0;0.0;5.0;20.0;0.0;2.0;3.0;6.0;0.2857;174.0;1.0;0.0;0.6957;0.4063;1.0;2.0;20.625;4.0;2.125;0
org.gjt.sp.jedit.textarea.Selection;10.0;1.0;2.0;15.0;17.0;23.0;14.0;1.0;7.0;0.7778;80.0;0.0;0.0;0.0;0.4;0.0;0.0;6.6;1.0;1.0;1
bsh.ParserTreeConstants;1.0;1.0;0.0;2.0;1.0;0.0;2.0;0.0;0.0;2.0;186.0;0.0;0.0;0.0;0.0;0.0;0.0;148.0;1.0;1.0;0
org.gjt.sp.jedit.syntax.Token;2.0;1.0;0.0;4.0;7.0;0.0;4.0;0.0;2.0;1.8;48.0;0.0;2.0;0.0;0.6667;0.0;0.0;13.0;1.0;1.0;1
org.gjt.sp.jedit.search.SearchAndReplace;31.0;1.0;0.0;34.0;107.0;197.0;9.0;27.0;28.0;0.64;1226.0;0.9;2.0;0.0;0.1129;0.0;0.0;38.2258;24.0;3.193548387096774;9
org.gjt.sp.jedit.textarea.TextAreaPainter;45.0;4.0;0.0;15.0;122.0;462.0;8.0;8.0;39.0;0.8995;1143.0;1.0;3.0;0.9373;0.1368;3.0;15.0;23.9778;12.0;2.1777777777777776;16
bsh.ParserTokenManager;50.0;1.0;0.0;5.0;66.0;3.0;1.0;4.0;6.0;0.7517;6259.0;0.1667;1.0;0.0;0.5;0.0;0.0;123.7;163.0;8.74;0
bsh.BSHIfStatement;3.0;2.0;0.0;11.0;10.0;3.0;4.0;7.0;2.0;2.0;79.0;0.0;0.0;0.9;0.5333;1.0;1.0;25.3333;1.0;1.0;0
gnu.regexp.CharIndexedStringBuffer;4.0;1.0;0.0;2.0;7.0;0.0;1.0;1.0;3.0;0.0;59.0;1.0;0.0;0.0;0.6667;0.0;0.0;13.25;3.0;2.0;0
org.gjt.sp.jedit.EditBus;11.0;1.0;0.0;22.0;29.0;23.0;19.0;3.0;8.0;0.72;235.0;0.8;1.0;0.0;0.16;0.0;0.0;19.9091;5.0;1.8181818181818181;0
org.gjt.sp.jedit.syntax.SyntaxStyle;4.0;1.0;0.0;10.0;5.0;0.0;10.0;0.0;4.0;0.6667;28.0;1.0;0.0;0.0;0.5;0.0;0.0;5.25;1.0;1.0;0
org.gjt.sp.jedit.Marker;6.0;1.0;0.0;8.0;10.0;0.0;7.0;2.0;3.0;0.65;57.0;1.0;1.0;0.0;0.4167;0.0;0.0;7.8333;2.0;1.1666666666666667;2
org.gjt.sp.jedit.gui.VariableGridLayout;17.0;1.0;0.0;1.0;36.0;100.0;1.0;0.0;16.0;0.7;681.0;0.8;0.0;0.0;0.3235;0.0;0.0;38.4706;13.0;2.8823529411764706;0
gnu.regexp.RE;45.0;2.0;0.0;34.0;107.0;928.0;13.0;25.0;26.0;0.9301;2529.0;0.4615;2.0;0.1522;0.2311;1.0;3.0;54.9111;9.0;1.9111111111111112;0
org.gjt.sp.jedit.options.GutterOptionPane;3.0;6.0;0.0;4.0;27.0;1.0;1.0;3.0;3.0;0.5;238.0;1.0;1.0;0.997;1.0;2.0;4.0;76.0;3.0;2.0;0
org.gjt.sp.jedit.msg.EditorExiting;1.0;3.0;0.0;3.0;2.0;0.0;1.0;2.0;1.0;2.0;5.0;0.0;0.0;1.0;1.0;0.0;0.0;4.0;1.0;1.0;0
org.gjt.sp.jedit.options.StyleOptionPane;8.0;6.0;0.0;6.0;31.0;20.0;4.0;4.0;1.0;0.7619;119.0;0.6667;1.0;0.9912;0.5;3.0;9.0;13.5;1.0;1.0;1
gnu.regexp.RETokenPOSIX;6.0;2.0;0.0;4.0;22.0;3.0;1.0;3.0;0.0;1.0625;283.0;0.0;0.0;0.6364;0.2857;1.0;2.0;43.5;24.0;5.333333333333333;0
bsh.BSHArrayInitializer;4.0;2.0;0.0;10.0;23.0;6.0;3.0;7.0;2.0;2.0;175.0;0.0;0.0;0.8571;0.5833;1.0;1.0;42.75;1.0;1.0;0
gnu.regexp.REFilterInputStream;5.0;3.0;0.0;4.0;18.0;8.0;0.0;4.0;5.0;0.375;176.0;1.0;2.0;0.8182;0.3667;2.0;3.0;33.0;7.0;2.8;0
org.gjt.sp.jedit.pluginmgr.PluginListHandler;12.0;2.0;0.0;7.0;38.0;38.0;1.0;7.0;8.0;0.8636;470.0;1.0;4.0;0.5417;0.3194;1.0;3.0;36.5;12.0;3.4166666666666665;1
org.gjt.sp.jedit.msg.SearchSettingsChanged;1.0;3.0;0.0;4.0;2.0;0.0;2.0;2.0;1.0;2.0;5.0;0.0;0.0;1.0;1.0;0.0;0.0;4.0;1.0;1.0;0
bsh.ASCII_UCodeESC_CharStream;27.0;1.0;0.0;3.0;40.0;25.0;3.0;0.0;21.0;0.5294;1277.0;0.7059;0.0;0.0;0.2963;0.0;0.0;45.6667;7.0;1.7407407407407407;0
gnu.regexp.RETokenAny;4.0;2.0;0.0;4.0;8.0;4.0;1.0;3.0;0.0;0.6667;55.0;1.0;0.0;0.7;0.375;1.0;2.0;12.25;6.0;2.25;0
org.gjt.sp.jedit.BeanShellAction;7.0;2.0;0.0;5.0;16.0;3.0;1.0;4.0;7.0;0.8095;117.0;1.0;0.0;0.7;0.3929;1.0;1.0;14.7143;3.0;1.5714285714285714;1
bsh.NameSpace;51.0;1.0;1.0;44.0;133.0;1139.0;34.0;18.0;35.0;0.9491;1647.0;0.4091;4.0;0.0;0.1118;0.0;0.0;30.8627;7.0;1.6666666666666667;0
org.gjt.sp.jedit.gui.HistoryTextField;21.0;6.0;0.0;17.0;81.0;64.0;13.0;7.0;9.0;0.6917;581.0;1.0;1.0;0.9793;0.2245;3.0;5.0;26.381;14.0;3.0952380952380953;2
bsh.BshMethod;4.0;1.0;0.0;13.0;20.0;0.0;5.0;10.0;4.0;0.5556;301.0;0.3333;2.0;0.0;0.3571;0.0;0.0;73.5;2.0;1.25;0
bsh.BSHImportDeclaration;2.0;2.0;0.0;10.0;9.0;1.0;1.0;9.0;1.0;1.0;36.0;0.0;0.0;0.9474;0.625;1.0;1.0;16.0;1.0;1.0;0
org.gjt.sp.jedit.gui.LogViewer;3.0;5.0;0.0;5.0;14.0;3.0;1.0;4.0;3.0;2.0;55.0;0.0;0.0;0.997;1.0;0.0;0.0;17.3333;2.0;1.3333333333333333;0
bsh.BSHAssignment;3.0;2.0;0.0;11.0;18.0;3.0;1.0;10.0;1.0;1.0;273.0;0.0;0.0;0.9;0.5333;1.0;1.0;89.6667;1.0;1.0;0
org.gjt.sp.jedit.gui.BeanShellErrorDialog;3.0;7.0;0.0;5.0;33.0;3.0;2.0;4.0;3.0;2.0;158.0;0.0;0.0;0.9971;0.5556;0.0;0.0;51.6667;1.0;1.0;1
gnu.regexp.IntPair;1.0;1.0;0.0;1.0;2.0;0.0;1.0;0.0;0.0;2.0;6.0;0.0;0.0;0.0;1.0;0.0;0.0;3.0;1.0;1.0;0
org.gjt.sp.jedit.io.FileVFS;21.0;2.0;0.0;12.0;93.0;198.0;5.0;9.0;19.0;0.94;988.0;0.4;0.0;0.525;0.375;2.0;4.0;45.8095;16.0;3.5238095238095237;6
org.gjt.sp.jedit.options.LoadSaveOptionPane;5.0;6.0;0.0;4.0;35.0;0.0;2.0;3.0;3.0;0.7115;381.0;1.0;0.0;0.9941;0.5;3.0;5.0;72.6;5.0;2.0;1
org.gjt.sp.jedit.gui.EnhancedCheckBoxMenuItem;7.0;7.0;0.0;5.0;38.0;9.0;2.0;4.0;4.0;0.6111;206.0;1.0;1.0;0.9939;0.3;3.0;16.0;27.5714;8.0;2.5714285714285716;2
bsh.SimpleNode;19.0;1.0;35.0;50.0;30.0;147.0;46.0;7.0;19.0;0.8889;240.0;0.5;4.0;0.0;0.2331;0.0;0.0;11.3158;6.0;1.6842105263157894;0
org.gjt.sp.jedit.jEdit;97.0;1.0;0.0;162.0;318.0;3918.0;137.0;48.0;67.0;0.9142;4378.0;0.96;7.0;0.0;0.0638;0.0;0.0;43.8763;58.0;4.216494845360825;23
org.gjt.sp.jedit.msg.EditorStarted;1.0;3.0;0.0;3.0;2.0;0.0;1.0;2.0;1.0;2.0;5.0;0.0;0.0;1.0;1.0;0.0;0.0;4.0;1.0;1.0;0
bsh.BSHForStatement;2.0;2.0;0.0;12.0;10.0;1.0;1.0;11.0;1.0;1.125;137.0;0.625;4.0;0.9474;0.625;1.0;1.0;63.5;1.0;1.0;0
bsh.BSHVariableDeclarator;2.0;2.0;0.0;10.0;9.0;1.0;2.0;8.0;1.0;2.0;40.0;0.0;0.0;0.9474;0.6;1.0;2.0;18.5;1.0;1.0;0
bsh.BSHAmbiguousName;7.0;2.0;0.0;16.0;17.0;19.0;8.0;8.0;6.0;0.3333;53.0;0.0;0.0;0.75;0.4571;1.0;1.0;6.4286;1.0;1.0;0
org.gjt.sp.util.WorkThreadProgressListener;1.0;1.0;0.0;5.0;1.0;0.0;5.0;1.0;1.0;2.0;1.0;0.0;0.0;0.0;1.0;0.0;0.0;0.0;1.0;1.0;0
org.gjt.sp.jedit.io.FileRootsVFS;6.0;2.0;0.0;4.0;17.0;13.0;1.0;3.0;5.0;0.95;120.0;0.5;0.0;0.8077;0.5417;1.0;3.0;18.3333;4.0;1.6666666666666667;0
org.gjt.sp.jedit.syntax.ParserRuleSet;17.0;1.0;0.0;8.0;22.0;100.0;5.0;3.0;17.0;0.9188;199.0;1.0;4.0;0.0;0.1838;0.0;0.0;10.1176;4.0;1.4705882352941178;1
org.gjt.sp.jedit.search.RESearchMatcher;4.0;1.0;0.0;11.0;26.0;0.0;2.0;9.0;3.0;0.6111;146.0;0.8333;3.0;0.0;0.5833;0.0;0.0;34.0;3.0;1.5;4
org.gjt.sp.jedit.gui.IOProgressMonitor;5.0;6.0;0.0;10.0;33.0;4.0;4.0;8.0;2.0;0.6667;144.0;1.0;2.0;0.9943;0.4;1.0;1.0;27.2;2.0;1.2;1
org.gjt.sp.jedit.search.HyperSearchRequest;6.0;2.0;0.0;14.0;40.0;3.0;3.0;14.0;2.0;0.72;244.0;1.0;3.0;0.5;0.3056;1.0;1.0;38.8333;9.0;2.3333333333333335;3
org.gjt.sp.jedit.pluginmgr.PluginListDownloadProgress;6.0;6.0;0.0;7.0;31.0;9.0;4.0;6.0;0.0;0.8;135.0;1.0;3.0;0.9928;0.3;0.0;0.0;21.0;1.0;1.0;1
bsh.BlockNameSpace;3.0;2.0;0.0;4.0;10.0;3.0;2.0;2.0;2.0;2.0;40.0;0.0;0.0;0.96;0.5833;0.0;0.0;12.3333;2.0;1.3333333333333333;0
org.gjt.sp.jedit.msg.BufferUpdate;6.0;3.0;0.0;14.0;14.0;5.0;11.0;5.0;5.0;0.9273;81.0;0.1818;1.0;0.6;0.4;1.0;1.0;10.6667;2.0;1.1666666666666667;0
org.gjt.sp.jedit.gui.InputHandler;16.0;2.0;1.0;13.0;48.0;48.0;8.0;10.0;14.0;0.781;442.0;1.0;2.0;0.1667;0.2411;0.0;0.0;26.1875;14.0;2.6875;6
org.gjt.sp.jedit.search.SearchFileSet;5.0;1.0;0.0;9.0;5.0;10.0;7.0;2.0;5.0;2.0;5.0;0.0;0.0;0.0;0.6;0.0;0.0;0.0;1.0;1.0;0
bsh.NameSource;2.0;1.0;0.0;2.0;2.0;1.0;2.0;1.0;2.0;2.0;2.0;0.0;0.0;0.0;0.75;0.0;0.0;0.0;1.0;1.0;0
bsh.Parser;399.0;1.0;0.0;47.0;487.0;0.0;1.0;47.0;82.0;0.7184;23350.0;0.8;8.0;0.0;0.1834;0.0;0.0;57.4586;46.0;5.5664160401002505;0
org.gjt.sp.jedit.pluginmgr.Roster;5.0;1.0;0.0;9.0;14.0;0.0;8.0;2.0;0.0;0.0;82.0;1.0;0.0;0.0;0.4667;0.0;0.0;15.2;4.0;2.2;0
org.gjt.sp.jedit.syntax.ParserRuleFactory;11.0;1.0;0.0;3.0;16.0;55.0;2.0;1.0;9.0;2.0;456.0;0.0;0.0;0.0;0.3636;0.0;0.0;40.4545;6.0;3.6363636363636362;0
bsh.TokenMgrError;6.0;3.0;0.0;2.0;19.0;15.0;2.0;0.0;4.0;1.12;184.0;0.0;0.0;0.85;0.5;1.0;1.0;28.8333;14.0;3.3333333333333335;0
bsh.CommandLineReader;4.0;3.0;0.0;1.0;8.0;4.0;1.0;0.0;4.0;1.0;82.0;0.0;0.0;0.8571;0.35;2.0;2.0;18.5;1.0;1.0;0
bsh.CallStack;11.0;1.0;0.0;39.0;25.0;0.0;38.0;2.0;11.0;0.0;135.0;1.0;0.0;0.0;0.4848;0.0;0.0;11.1818;2.0;1.2727272727272727;0
org.gjt.sp.jedit.BufferHistory;13.0;1.0;0.0;11.0;60.0;44.0;4.0;10.0;6.0;0.8333;488.0;0.6;0.0;0.0;0.1806;0.0;0.0;36.1538;6.0;2.923076923076923;1
org.gjt.sp.jedit.search.HyperSearchResults;13.0;5.0;0.0;17.0;53.0;54.0;8.0;12.0;9.0;0.875;291.0;0.8333;1.0;0.9823;0.2615;3.0;12.0;20.9231;10.0;1.6923076923076923;2
bsh.BSHThrowStatement;2.0;2.0;0.0;7.0;7.0;1.0;1.0;6.0;1.0;2.0;30.0;0.0;0.0;0.9474;0.625;1.0;1.0;14.0;1.0;1.0;0
bsh.BSHCastExpression;6.0;2.0;0.0;16.0;45.0;15.0;3.0;13.0;6.0;2.0;280.0;0.0;0.0;0.7826;0.2292;1.0;1.0;45.6667;1.0;1.0;0
org.gjt.sp.jedit.search.SearchMatcher;2.0;1.0;0.0;4.0;2.0;1.0;4.0;0.0;2.0;2.0;2.0;0.0;0.0;0.0;0.6667;0.0;0.0;0.0;1.0;1.0;2
com.microstar.xml.HandlerBase;14.0;1.0;6.0;8.0;16.0;91.0;6.0;2.0;14.0;2.0;38.0;0.0;0.0;0.0;0.4143;0.0;0.0;1.7143;1.0;1.0;0
bsh.ParseException;6.0;3.0;0.0;3.0;19.0;3.0;2.0;1.0;5.0;0.44;387.0;0.4;1.0;0.85;0.3333;1.0;1.0;62.6667;14.0;4.833333333333333;0
org.gjt.sp.jedit.msg.ViewUpdate;5.0;3.0;0.0;6.0;13.0;4.0;2.0;4.0;4.0;0.8333;47.0;0.3333;0.0;0.6667;0.5;1.0;1.0;7.8;2.0;1.2;0
bsh.Token;3.0;1.0;0.0;5.0;4.0;3.0;5.0;0.0;2.0;1.4375;23.0;0.0;2.0;0.0;0.5;0.0;0.0;4.0;2.0;1.3333333333333333;0
org.gjt.sp.jedit.gui.TipOfTheDay;3.0;7.0;0.0;6.0;12.0;3.0;3.0;4.0;3.0;2.0;32.0;0.0;0.0;0.9971;0.6667;0.0;0.0;9.6667;1.0;1.0;2
bsh.JThis;87.0;2.0;0.0;8.0;100.0;3741.0;0.0;8.0;84.0;2.0;711.0;0.0;0.0;0.1042;0.0547;1.0;2.0;7.1724;3.0;1.0344827586206897;0
org.gjt.sp.jedit.gui.PluginsMenu;1.0;8.0;0.0;9.0;22.0;0.0;1.0;9.0;1.0;2.0;111.0;0.0;0.0;1.0;1.0;0.0;0.0;110.0;6.0;6.0;0
org.gjt.sp.jedit.msg.EditorExitRequested;2.0;3.0;0.0;5.0;4.0;1.0;1.0;4.0;2.0;2.0;10.0;0.0;0.0;0.8571;0.75;0.0;0.0;4.0;1.0;1.0;0
bsh.BSHUnaryExpression;5.0;2.0;0.0;11.0;33.0;6.0;1.0;10.0;1.0;0.625;204.0;0.0;0.0;0.8182;0.4333;1.0;1.0;39.4;1.0;1.0;0
org.gjt.sp.jedit.browser.BrowserIORequest;7.0;2.0;0.0;7.0;27.0;0.0;1.0;7.0;3.0;0.6167;498.0;0.6;2.0;0.4545;0.2857;0.0;0.0;68.7143;5.0;3.2857142857142856;5
bsh.BSHReturnStatement;2.0;2.0;0.0;9.0;7.0;1.0;1.0;8.0;1.0;1.0;28.0;0.0;0.0;0.9474;0.625;1.0;1.0;12.5;1.0;1.0;0
org.gjt.sp.jedit.gui.DockableWindowManager;18.0;5.0;0.0;16.0;61.0;31.0;5.0;14.0;16.0;0.7941;552.0;0.5833;5.0;0.9765;0.3176;0.0;0.0;29.0;7.0;2.0555555555555554;8
gnu.regexp.RETokenBackRef;3.0;2.0;0.0;4.0;8.0;0.0;1.0;3.0;0.0;0.5;77.0;1.0;0.0;0.7778;0.4444;1.0;2.0;24.0;5.0;2.3333333333333335;0
bsh.BSHArguments;2.0;2.0;0.0;10.0;6.0;1.0;5.0;5.0;1.0;2.0;30.0;0.0;0.0;0.9474;0.625;0.0;0.0;14.0;1.0;1.0;0
org.gjt.sp.jedit.pluginmgr.PluginList;5.0;1.0;0.0;11.0;26.0;0.0;4.0;8.0;0.0;0.5;155.0;0.0;0.0;0.0;0.4667;0.0;0.0;29.4;5.0;2.0;2
org.gjt.sp.jedit.textarea.ScrollListener;2.0;1.0;0.0;3.0;2.0;1.0;3.0;1.0;2.0;2.0;2.0;0.0;0.0;0.0;1.0;0.0;0.0;0.0;1.0;1.0;0
org.gjt.sp.jedit.gui.AbbrevEditor;5.0;5.0;0.0;4.0;26.0;0.0;3.0;1.0;5.0;0.25;336.0;1.0;0.0;0.994;0.6;0.0;0.0;65.8;12.0;5.0;0
gnu.regexp.CharIndexedCharArray;4.0;1.0;0.0;2.0;5.0;0.0;1.0;1.0;3.0;0.0;59.0;1.0;0.0;0.0;0.6667;0.0;0.0;13.25;3.0;2.0;0
bsh.TargetError;11.0;4.0;0.0;18.0;26.0;13.0;14.0;5.0;11.0;0.1;171.0;0.0;0.0;0.7647;0.5455;2.0;2.0;14.4545;2.0;1.1818181818181819;0
org.gjt.sp.jedit.gui.EnhancedButton;3.0;6.0;0.0;3.0;13.0;3.0;1.0;2.0;3.0;2.0;45.0;0.0;0.0;0.9974;0.5;2.0;2.0;14.0;2.0;1.3333333333333333;0
gnu.regexp.CharIndexedInputStream;5.0;1.0;0.0;3.0;12.0;0.0;2.0;1.0;3.0;0.5313;254.0;1.0;0.0;0.0;0.6;0.0;0.0;48.2;10.0;4.4;0
org.gjt.sp.jedit.options.ToolBarOptionPane;13.0;6.0;0.0;14.0;74.0;44.0;4.0;13.0;1.0;0.8148;505.0;1.0;0.0;0.9825;0.5;3.0;5.0;37.1538;9.0;2.1538461538461537;1
bsh.BSHAllocationExpression;8.0;2.0;0.0;18.0;37.0;28.0;1.0;17.0;1.0;2.0;271.0;0.0;0.0;0.72;0.3636;1.0;1.0;32.875;1.0;1.0;0
bsh.ReflectError;2.0;3.0;0.0;7.0;4.0;1.0;7.0;0.0;2.0;2.0;9.0;0.0;0.0;1.0;0.75;0.0;0.0;3.5;1.0;1.0;0
bsh.BSHMethodInvocation;2.0;2.0;0.0;12.0;17.0;1.0;1.0;11.0;1.0;2.0;63.0;0.0;0.0;0.9474;0.625;1.0;1.0;30.5;1.0;1.0;0
org.gjt.sp.jedit.ActionListHandler;11.0;2.0;0.0;5.0;31.0;31.0;1.0;5.0;7.0;0.8;231.0;1.0;0.0;0.5652;0.4;1.0;3.0;19.2727;8.0;2.3636363636363638;2
org.gjt.sp.jedit.msg.VFSUpdate;3.0;2.0;0.0;6.0;9.0;0.0;4.0;2.0;3.0;0.0;34.0;1.0;0.0;0.7143;0.6667;1.0;1.0;10.0;2.0;1.3333333333333333;0
org.gjt.sp.jedit.gui.MarkersMenu;2.0;8.0;0.0;9.0;25.0;1.0;2.0;8.0;2.0;2.0;123.0;0.0;0.0;0.9989;0.75;3.0;4.0;60.5;8.0;4.5;2
bsh.BSHReturnType;2.0;2.0;0.0;8.0;5.0;1.0;2.0;6.0;1.0;1.0;19.0;0.0;0.0;0.9474;0.6667;0.0;0.0;8.0;1.0;1.0;0
org.gjt.sp.jedit.browser.VFSFileChooserDialog;10.0;7.0;0.0;15.0;73.0;17.0;4.0;15.0;5.0;0.8148;461.0;1.0;1.0;0.9872;0.25;4.0;10.0;44.5;10.0;3.1;4
bsh.BSHStatementExpressionList;2.0;2.0;0.0;7.0;6.0;1.0;1.0;6.0;1.0;2.0;28.0;0.0;0.0;0.9474;0.625;1.0;1.0;13.0;1.0;1.0;0
org.gjt.sp.jedit.search.HyperSearchResult;6.0;1.0;0.0;8.0;23.0;3.0;4.0;4.0;5.0;0.68;128.0;0.0;1.0;0.0;0.4583;0.0;0.0;19.5;2.0;1.6666666666666667;1
