org.gjt.sp.jedit.gui.EditAbbrevDialog;8.0;6.0;0.0;6.0;42.0;10.0;4.0;4.0;4.0;0.5714;207.0;1.0;1.0;0.9914;0.2917;2.0;2.0;24.375;2.0;1.25;1
org.gjt.sp.jedit.gui.MacrosMenu;7.0;8.0;0.0;11.0;31.0;21.0;1.0;11.0;5.0;2.0;157.0;0.0;0.0;0.9932;0.3143;3.0;9.0;21.4286;6.0;2.4285714285714284;0
org.gjt.sp.jedit.gui.SelectLineRange;5.0;7.0;0.0;8.0;50.0;2.0;1.0;8.0;4.0;0.5;362.0;1.0;1.0;0.9943;0.4667;0.0;0.0;70.4;4.0;2.0;0
bsh.BSHSwitchStatement;2.0;2.0;0.0;10.0;9.0;1.0;1.0;9.0;2.0;2.0;106.0;0.0;0.0;0.9474;0.625;2.0;2.0;52.0;1.0;1.0;0
org.gjt.sp.jedit.gui.OptionsDialog;19.0;7.0;1.0;10.0;108.0;137.0;4.0;8.0;10.0;0.7677;767.0;0.9091;0.0;0.9761;0.1947;4.0;12.0;38.7895;10.0;2.526315789473684;2
org.gjt.sp.jedit.io.FavoritesVFS;10.0;2.0;0.0;6.0;30.0;1.0;4.0;4.0;9.0;0.6944;250.0;0.75;1.0;0.7949;0.4444;0.0;0.0;23.6;3.0;1.8;0
org.gjt.sp.jedit.buffer.ExplicitFoldHandler;2.0;2.0;0.0;2.0;6.0;1.0;1.0;2.0;2.0;2.0;84.0;0.0;0.0;0.9;0.625;0.0;0.0;41.0;9.0;5.0;1
org.gjt.sp.jedit.ModeCatalogHandler;6.0;2.0;0.0;5.0;25.0;3.0;1.0;5.0;4.0;0.7714;215.0;0.8571;0.0;0.7222;0.7222;1.0;3.0;33.6667;7.0;3.1666666666666665;0
org.gjt.sp.jedit.options.GeneralOptionPane;5.0;6.0;0.0;5.0;28.0;0.0;2.0;4.0;1.0;0.7083;337.0;1.0;0.0;0.9941;0.5;2.0;2.0;64.0;3.0;1.8;0
bsh.reflect.ReflectManagerImpl;2.0;2.0;0.0;1.0;4.0;1.0;0.0;1.0;2.0;2.0;16.0;0.0;0.0;0.75;0.75;1.0;1.0;7.0;2.0;1.5;1
org.gjt.sp.jedit.gui.ToolBarManager;5.0;1.0;0.0;2.0;17.0;4.0;1.0;1.0;3.0;0.5;137.0;1.0;0.0;0.0;0.5;0.0;0.0;25.6;3.0;2.2;0
org.gjt.sp.jedit.EBPlugin;2.0;2.0;0.0;4.0;3.0;1.0;1.0;3.0;1.0;2.0;6.0;0.0;0.0;0.875;0.75;0.0;0.0;2.0;1.0;1.0;2
org.gjt.sp.jedit.MiscUtilities;40.0;1.0;0.0;73.0;94.0;780.0;69.0;8.0;37.0;1.0;1672.0;0.0;0.0;0.0;0.1063;0.0;0.0;40.775;17.0;4.725;7
org.gjt.sp.jedit.gui.JCheckBoxList;10.0;5.0;0.0;7.0;42.0;43.0;4.0;5.0;9.0;0.6667;219.0;1.0;0.0;0.9908;0.375;1.0;2.0;20.8;4.0;1.8;0
bsh.Node;7.0;1.0;0.0;34.0;7.0;21.0;34.0;0.0;7.0;2.0;7.0;0.0;0.0;0.0;0.5238;0.0;0.0;0.0;1.0;1.0;0
gnu.regexp.RETokenStart;3.0;2.0;0.0;4.0;9.0;1.0;1.0;3.0;0.0;0.5;106.0;1.0;0.0;0.7778;0.4444;1.0;2.0;34.0;11.0;4.333333333333333;0
org.gjt.sp.jedit.textarea.Gutter;43.0;4.0;0.0;13.0;108.0;737.0;6.0;12.0;36.0;0.941;956.0;0.88;3.0;0.94;0.1216;3.0;15.0;20.6512;29.0;1.9069767441860466;3
bsh.BSHBinaryExpression;4.0;2.0;0.0;12.0;21.0;6.0;1.0;11.0;1.0;1.0;271.0;0.0;0.0;0.8571;0.45;1.0;1.0;66.5;4.0;2.5;4
org.gjt.sp.jedit.search.BoyerMooreSearchMatcher;7.0;1.0;0.0;7.0;20.0;0.0;1.0;6.0;4.0;0.7361;392.0;1.0;2.0;0.0;0.4048;0.0;0.0;53.2857;11.0;5.0;1
org.gjt.sp.jedit.options.StyleEditor;5.0;7.0;0.0;6.0;47.0;2.0;1.0;5.0;4.0;0.6111;461.0;1.0;2.0;0.9943;0.4;0.0;0.0;89.4;6.0;3.6;0
bsh.This;10.0;1.0;2.0;14.0;25.0;5.0;9.0;8.0;7.0;0.3889;144.0;0.0;2.0;0.0;0.2556;0.0;0.0;13.2;2.0;1.1;1
org.gjt.sp.jedit.proto.jeditresource.PluginResURLConnection;5.0;2.0;0.0;5.0;29.0;2.0;1.0;4.0;4.0;0.5625;198.0;0.75;0.0;0.9355;0.4667;1.0;7.0;37.8;8.0;2.4;0
bsh.BSHTryStatement;2.0;2.0;0.0;13.0;25.0;1.0;1.0;12.0;1.0;2.0;213.0;0.0;0.0;0.9474;0.625;1.0;2.0;105.5;1.0;1.0;1
org.gjt.sp.jedit.Buffer;147.0;1.0;0.0;127.0;346.0;9847.0;99.0;51.0;118.0;0.93;4999.0;0.7143;12.0;0.0;0.0779;0.0;0.0;32.6735;39.0;3.836734693877551;10
bsh.BSHWhileStatement;2.0;2.0;0.0;10.0;7.0;1.0;1.0;9.0;1.0;1.0;79.0;0.0;0.0;0.9474;0.625;1.0;1.0;38.0;1.0;1.0;0
org.gjt.sp.jedit.gui.BufferOptions;12.0;7.0;0.0;10.0;72.0;32.0;2.0;9.0;3.0;0.8727;717.0;1.0;3.0;0.9844;0.2917;1.0;1.0;57.5;8.0;2.1666666666666665;2
org.gjt.sp.jedit.proto.jeditresource.Handler;2.0;2.0;0.0;1.0;5.0;1.0;0.0;1.0;2.0;2.0;14.0;0.0;0.0;0.9231;0.75;0.0;0.0;6.0;1.0;1.0;0
org.gjt.sp.jedit.options.BrowserOptionPane;3.0;6.0;0.0;3.0;17.0;1.0;1.0;2.0;3.0;0.5;263.0;1.0;0.0;0.9971;1.0;2.0;2.0;84.0;5.0;2.3333333333333335;0
gnu.regexp.CharIndexed;3.0;1.0;0.0;29.0;3.0;3.0;29.0;0.0;3.0;1.5;4.0;0.0;0.0;0.0;0.8333;0.0;0.0;0.0;1.0;1.0;0
org.gjt.sp.jedit.buffer.FoldHandler;11.0;1.0;3.0;7.0;29.0;33.0;6.0;5.0;8.0;0.6333;141.0;0.6667;0.0;0.0;0.1857;0.0;0.0;11.5455;3.0;1.6363636363636365;1
bsh.InterpreterError;1.0;4.0;0.0;16.0;2.0;0.0;16.0;0.0;1.0;2.0;5.0;0.0;0.0;1.0;1.0;0.0;0.0;4.0;1.0;1.0;0
org.gjt.sp.jedit.gui.HistoryModel;9.0;1.0;0.0;12.0;45.0;8.0;10.0;3.0;8.0;0.6875;292.0;0.8333;0.0;0.0;0.3333;0.0;0.0;30.7778;10.0;3.111111111111111;2
org.gjt.sp.jedit.Registers;14.0;1.0;0.0;11.0;39.0;61.0;4.0;7.0;12.0;0.3077;314.0;1.0;1.0;0.0;0.3205;0.0;0.0;21.3571;8.0;2.642857142857143;1
bsh.BSHTernaryExpression;2.0;2.0;0.0;6.0;5.0;1.0;1.0;5.0;1.0;2.0;26.0;0.0;0.0;0.9474;0.625;1.0;1.0;12.0;1.0;1.0;4
gnu.regexp.RETokenRepeated;7.0;2.0;0.0;4.0;21.0;0.0;1.0;3.0;0.0;0.5417;300.0;1.0;1.0;0.5385;0.3333;1.0;4.0;41.2857;16.0;4.857142857142857;0
org.gjt.sp.jedit.search.DirectoryListSet;7.0;2.0;0.0;9.0;22.0;0.0;4.0;6.0;5.0;0.4444;122.0;1.0;0.0;0.5385;0.2857;1.0;1.0;16.0;3.0;1.2857142857142858;0
gnu.regexp.REMatchEnumeration;6.0;1.0;0.0;3.0;11.0;9.0;1.0;3.0;5.0;0.4889;135.0;1.0;3.0;0.0;0.3333;0.0;0.0;20.0;6.0;1.8333333333333333;0
org.gjt.sp.jedit.gui.StatusBar;23.0;5.0;0.0;37.0;128.0;153.0;29.0;18.0;12.0;0.8973;1181.0;0.8889;3.0;0.968;0.1739;2.0;7.0;49.1739;18.0;3.0;3
bsh.BSHType;6.0;2.0;0.0;12.0;7.0;11.0;8.0;4.0;5.0;0.8667;30.0;1.0;0.0;0.7826;0.4444;0.0;0.0;3.5;1.0;1.0;3
bsh.XThis;4.0;2.0;0.0;4.0;15.0;4.0;1.0;3.0;2.0;0.8333;106.0;0.0;0.0;0.75;0.4;0.0;0.0;25.0;3.0;2.0;1
gnu.regexp.RETokenOneOf;5.0;2.0;0.0;5.0;22.0;0.0;1.0;4.0;0.0;0.125;206.0;1.0;0.0;0.7;0.35;1.0;4.0;39.8;11.0;4.6;0
org.gjt.sp.jedit.Mode;13.0;1.0;0.0;19.0;30.0;26.0;15.0;6.0;13.0;0.7333;272.0;1.0;3.0;0.0;0.3385;0.0;0.0;19.5385;5.0;2.230769230769231;0
bsh.BSHArrayDimensions;4.0;2.0;0.0;10.0;19.0;4.0;2.0;8.0;3.0;0.6667;159.0;0.3333;0.0;0.8571;0.5;1.0;1.0;38.0;1.0;1.0;2
bsh.BSHLiteral;5.0;2.0;0.0;6.0;17.0;4.0;1.0;5.0;2.0;0.5;137.0;0.0;0.0;0.8182;0.3667;0.0;0.0;26.2;10.0;4.2;1
org.gjt.sp.jedit.options.StyleTableModel;8.0;2.0;0.0;9.0;21.0;0.0;2.0;7.0;6.0;0.2857;167.0;1.0;0.0;0.6957;0.4063;1.0;2.0;19.75;4.0;2.0;0
org.gjt.sp.jedit.browser.FileCellRenderer;6.0;6.0;0.0;12.0;36.0;3.0;7.0;5.0;4.0;0.7;263.0;0.3;0.0;0.9946;0.3143;2.0;2.0;41.1667;11.0;3.6666666666666665;1
gnu.regexp.CharIndexedString;4.0;1.0;0.0;2.0;6.0;0.0;1.0;1.0;3.0;0.5556;51.0;1.0;0.0;0.0;0.6667;0.0;0.0;11.0;3.0;2.0;5
org.gjt.sp.jedit.help.HelpIndex;11.0;1.0;0.0;12.0;56.0;23.0;3.0;9.0;7.0;0.65;479.0;1.0;1.0;0.0;0.4;0.0;0.0;42.1818;3.0;1.2727272727272727;1
org.gjt.sp.jedit.gui.DockableWindowContainer;6.0;1.0;0.0;4.0;6.0;15.0;4.0;1.0;6.0;2.0;6.0;0.0;0.0;0.0;1.0;0.0;0.0;0.0;1.0;1.0;0
org.gjt.sp.jedit.options.AbbrevsModel;12.0;2.0;0.0;8.0;32.0;0.0;4.0;5.0;7.0;0.2727;176.0;0.0;0.0;0.6154;0.35;1.0;2.0;13.5833;4.0;2.0833333333333335;0
org.gjt.sp.jedit.TextUtilities;15.0;1.0;0.0;12.0;50.0;105.0;8.0;5.0;14.0;1.0714;914.0;0.4286;0.0;0.0;0.237;0.0;0.0;59.4667;29.0;7.333333333333333;1
org.gjt.sp.jedit.options.TextAreaOptionPane;3.0;6.0;0.0;5.0;28.0;1.0;1.0;4.0;3.0;0.5;435.0;1.0;9.0;0.9971;1.0;3.0;3.0;137.3333;2.0;1.6666666666666667;0
org.gjt.sp.jedit.EditPlugin;8.0;1.0;2.0;11.0;11.0;26.0;10.0;2.0;7.0;0.8571;28.0;1.0;1.0;0.0;0.275;0.0;0.0;2.375;1.0;1.0;0
gnu.regexp.CharIndexedReader;5.0;1.0;0.0;3.0;12.0;0.0;2.0;1.0;3.0;0.4688;272.0;1.0;0.0;0.0;0.6;0.0;0.0;51.8;10.0;4.4;4
bsh.BSHLHSPrimarySuffix;5.0;2.0;0.0;15.0;25.0;10.0;2.0;13.0;1.0;1.0714;162.0;0.0;0.0;0.8182;0.72;0.0;0.0;30.0;1.0;1.0;0
org.gjt.sp.util.Log;13.0;1.0;0.0;75.0;55.0;38.0;75.0;1.0;7.0;0.8929;442.0;0.5;0.0;0.0;0.1786;0.0;0.0;31.9231;7.0;2.5384615384615383;0
org.gjt.sp.jedit.browser.VFSBrowser;64.0;5.0;0.0;51.0;212.0;1606.0;26.0;36.0;29.0;0.9424;1916.0;0.6842;5.0;0.9147;0.1391;3.0;12.0;28.3438;21.0;2.671875;8
org.gjt.sp.jedit.syntax.DummyTokenHandler;3.0;1.0;0.0;3.0;4.0;3.0;1.0;2.0;2.0;1.0;13.0;0.0;1.0;0.0;0.625;0.0;0.0;3.0;1.0;1.0;0
bsh.EvalError;15.0;3.0;3.0;53.0;23.0;43.0;53.0;1.0;11.0;0.5714;151.0;0.0;1.0;0.5667;0.5778;1.0;2.0;8.9333;3.0;1.4666666666666666;1
org.gjt.sp.jedit.options.DockingOptionPane;12.0;6.0;0.0;8.0;49.0;40.0;3.0;7.0;3.0;0.8586;342.0;1.0;1.0;0.984;0.5;4.0;8.0;26.75;5.0;1.5833333333333333;1
org.gjt.sp.jedit.syntax.KeywordMap;10.0;1.0;0.0;8.0;28.0;3.0;7.0;2.0;8.0;0.6667;230.0;1.0;1.0;0.0;0.35;0.0;0.0;21.5;5.0;2.0;1
org.gjt.sp.jedit.options.BrowserColorsModel;12.0;2.0;0.0;5.0;36.0;24.0;3.0;2.0;7.0;0.8182;253.0;0.0;0.0;0.5926;0.3958;1.0;2.0;19.8333;6.0;2.25;0
org.gjt.sp.jedit.options.WindowTableModel;11.0;2.0;0.0;7.0;28.0;25.0;3.0;6.0;9.0;0.75;161.0;0.5;0.0;0.6154;0.3864;1.0;2.0;13.4545;5.0;2.4545454545454546;0
bsh.Interpreter;55.0;1.0;0.0;58.0;148.0;1039.0;44.0;21.0;45.0;0.7789;1553.0;0.1176;5.0;0.0;0.1264;0.0;0.0;26.9273;33.0;1.8545454545454545;1
org.gjt.sp.jedit.JARClassLoader;16.0;2.0;0.0;14.0;111.0;24.0;8.0;9.0;8.0;0.8182;1300.0;0.6364;1.0;0.8375;0.3733;1.0;7.0;79.5625;14.0;2.875;1
org.gjt.sp.jedit.gui.DefaultInputHandler;16.0;3.0;0.0;9.0;65.0;38.0;3.0;7.0;13.0;0.6667;670.0;0.7778;0.0;0.6061;0.1852;1.0;6.0;40.3125;24.0;5.125;3
org.gjt.sp.jedit.syntax.SoftWrapTokenHandler;4.0;3.0;0.0;8.0;12.0;0.0;2.0;6.0;4.0;0.625;182.0;1.0;1.0;0.7692;0.325;2.0;4.0;42.5;12.0;3.75;0
org.gjt.sp.jedit.gui.GrabKeyDialog;23.0;6.0;0.0;8.0;74.0;217.0;4.0;7.0;6.0;0.843;520.0;0.9091;3.0;0.9705;0.166;3.0;4.0;21.1304;8.0;2.0434782608695654;4
org.gjt.sp.jedit.options.EditingOptionPane;12.0;6.0;0.0;7.0;44.0;26.0;3.0;6.0;1.0;0.4492;650.0;1.0;3.0;0.984;0.5;1.0;1.0;51.75;3.0;1.4166666666666667;1
bsh.ConsoleInterface;6.0;1.0;0.0;1.0;6.0;15.0;1.0;0.0;6.0;2.0;6.0;0.0;0.0;0.0;0.75;0.0;0.0;0.0;1.0;1.0;0
org.gjt.sp.jedit.textarea.JEditTextArea;239.0;4.0;0.0;66.0;478.0;13445.0;52.0;34.0;195.0;0.8871;9014.0;0.6393;10.0;0.7352;0.0801;3.0;23.0;36.4603;32.0;3.589958158995816;15
bsh.BSHBlock;3.0;2.0;0.0;14.0;10.0;3.0;5.0;9.0;2.0;2.0;71.0;0.0;0.0;0.9;0.6;1.0;1.0;22.6667;1.0;1.0;1
org.gjt.sp.jedit.GUIUtilities;47.0;1.0;0.0;101.0;173.0;1049.0;88.0;23.0;41.0;0.9493;2027.0;0.2222;1.0;0.0;0.118;0.0;0.0;41.9362;16.0;3.74468085106383;3
bsh.BSHFormalParameters;2.0;2.0;0.0;9.0;6.0;1.0;3.0;6.0;1.0;1.0;54.0;0.0;0.0;0.9474;0.6667;1.0;2.0;24.5;1.0;1.0;0
org.gjt.sp.jedit.EBComponent;1.0;1.0;0.0;32.0;1.0;0.0;32.0;1.0;1.0;2.0;1.0;0.0;0.0;0.0;1.0;0.0;0.0;0.0;1.0;1.0;0
bsh.ReflectManager;4.0;1.0;1.0;3.0;5.0;6.0;2.0;1.0;4.0;0.6667;14.0;1.0;1.0;0.0;0.5;0.0;0.0;2.25;1.0;1.0;1
org.gjt.sp.jedit.gui.KeyEventWorkaround;4.0;1.0;0.0;6.0;16.0;0.0;5.0;1.0;3.0;1.0952;218.0;1.0;0.0;0.0;0.3333;0.0;0.0;51.75;62.0;20.75;4
org.gjt.sp.jedit.pluginmgr.PluginManager;15.0;7.0;0.0;14.0;71.0;77.0;8.0;11.0;3.0;0.8492;584.0;1.0;1.0;0.9803;0.3556;0.0;0.0;37.3333;9.0;1.6;0
org.gjt.sp.jedit.gui.PastePrevious;12.0;7.0;0.0;7.0;59.0;52.0;1.0;7.0;10.0;0.7091;284.0;1.0;2.0;0.9844;0.2778;0.0;0.0;22.25;3.0;1.5;0
bsh.BSHPrimaryExpression;2.0;2.0;0.0;8.0;8.0;1.0;1.0;7.0;1.0;2.0;50.0;0.0;0.0;0.9474;0.625;1.0;1.0;24.0;1.0;1.0;1
org.gjt.sp.jedit.EditPane;21.0;5.0;0.0;36.0;139.0;74.0;23.0;21.0;14.0;0.5667;785.0;1.0;5.0;0.9708;0.2063;1.0;2.0;36.0952;29.0;3.3333333333333335;4
org.gjt.sp.jedit.Java14;3.0;1.0;0.0;9.0;19.0;3.0;0.0;9.0;1.0;1.0;54.0;0.0;0.0;0.0;0.3333;0.0;0.0;16.6667;3.0;1.6666666666666667;9
org.gjt.sp.jedit.options.SyntaxHiliteOptionPane;8.0;6.0;0.0;6.0;31.0;20.0;4.0;4.0;1.0;0.7619;121.0;0.6667;1.0;0.9912;0.5;3.0;7.0;13.75;1.0;1.0;0
org.gjt.sp.jedit.search.CurrentBufferSet;6.0;1.0;0.0;6.0;9.0;15.0;4.0;3.0;6.0;2.0;34.0;0.0;0.0;0.0;0.6111;0.0;0.0;4.6667;2.0;1.1666666666666667;0
org.gjt.sp.jedit.EBMessage;6.0;1.0;11.0;31.0;13.0;9.0;31.0;1.0;6.0;0.4;45.0;1.0;1.0;0.0;0.5833;0.0;0.0;6.3333;1.0;1.0;0
org.gjt.sp.jedit.search.SearchBar;19.0;5.0;0.0;20.0;83.0;105.0;8.0;17.0;4.0;0.8222;477.0;1.0;3.0;0.9736;0.3368;3.0;5.0;23.5789;10.0;1.5263157894736843;1
org.gjt.sp.jedit.options.AbbrevsOptionPane;14.0;6.0;0.0;14.0;87.0;51.0;5.0;13.0;1.0;0.8173;497.0;1.0;1.0;0.9812;0.5;3.0;7.0;33.9286;3.0;1.5;2
org.gjt.sp.jedit.gui.CloseDialog;14.0;7.0;0.0;7.0;55.0;67.0;3.0;7.0;4.0;0.8889;356.0;0.8889;1.0;0.9816;0.2857;0.0;0.0;23.7857;3.0;1.2857142857142858;0
org.gjt.sp.jedit.gui.AboutDialog;3.0;7.0;0.0;5.0;27.0;3.0;1.0;5.0;3.0;1.0;110.0;1.0;0.0;0.9971;0.6667;0.0;0.0;35.3333;1.0;1.0;1
org.gjt.sp.jedit.gui.AnimatedIcon;13.0;2.0;0.0;1.0;20.0;52.0;1.0;1.0;9.0;0.875;104.0;1.0;0.0;0.6129;0.2692;0.0;0.0;6.5385;2.0;1.1538461538461537;7
org.gjt.sp.util.SegmentBuffer;4.0;2.0;0.0;2.0;6.0;0.0;2.0;0.0;3.0;2.0;83.0;0.0;0.0;0.8421;0.5625;1.0;11.0;19.75;3.0;1.5;0
org.gjt.sp.jedit.search.SearchDialog;40.0;7.0;0.0;28.0;162.0;542.0;8.0;26.0;9.0;0.8315;1807.0;0.8929;5.0;0.9495;0.1868;2.0;3.0;43.475;15.0;2.4;7
org.gjt.sp.jedit.BeanShell;22.0;1.0;0.0;29.0;95.0;137.0;9.0;22.0;16.0;0.7857;940.0;0.6667;2.0;0.0;0.2095;0.0;0.0;41.4545;14.0;2.1363636363636362;2
gnu.regexp.RETokenLookAhead;3.0;2.0;0.0;5.0;11.0;0.0;1.0;4.0;0.0;0.0;87.0;0.0;1.0;0.7778;0.4444;1.0;3.0;27.3333;7.0;3.3333333333333335;1
org.gjt.sp.jedit.msg.EditPaneUpdate;5.0;2.0;0.0;6.0;13.0;4.0;4.0;3.0;4.0;0.875;52.0;0.25;0.0;0.625;0.5;1.0;1.0;8.6;2.0;1.2;0
gnu.regexp.RESyntax;9.0;1.0;0.0;6.0;17.0;0.0;6.0;1.0;8.0;1.0156;367.0;0.1042;17.0;0.0;0.4063;0.0;0.0;34.4444;2.0;1.3333333333333333;1
org.gjt.sp.jedit.help.HelpTOCPanel;7.0;5.0;0.0;15.0;59.0;5.0;4.0;15.0;2.0;0.6333;388.0;1.0;1.0;0.9911;0.3714;0.0;0.0;53.7143;8.0;2.4285714285714284;0
bsh.BSHTypedVariableDeclaration;3.0;2.0;0.0;11.0;13.0;3.0;1.0;10.0;1.0;1.0;101.0;0.0;0.0;0.9;0.4444;1.0;1.0;32.3333;6.0;2.6666666666666665;0
org.gjt.sp.jedit.search.AllBufferSet;4.0;2.0;0.0;7.0;20.0;0.0;1.0;6.0;3.0;0.0;79.0;1.0;0.0;0.7;0.5;1.0;1.0;18.5;3.0;1.5;0
org.gjt.sp.jedit.buffer.UndoManager;14.0;1.0;0.0;8.0;32.0;29.0;6.0;7.0;11.0;0.6538;485.0;1.0;3.0;0.0;0.2232;0.0;0.0;33.0714;8.0;3.5714285714285716;1
org.gjt.sp.jedit.EditAction;12.0;1.0;5.0;29.0;18.0;64.0;28.0;3.0;12.0;0.9091;45.0;1.0;0.0;0.0;0.3125;0.0;0.0;2.6667;1.0;1.0;2
org.gjt.sp.jedit.textarea.FoldVisibilityManager;21.0;1.0;0.0;14.0;52.0;0.0;9.0;7.0;21.0;0.4929;1738.0;1.0;3.0;0.0;0.2517;0.0;0.0;81.4286;35.0;9.142857142857142;0
bsh.ReturnControl;1.0;1.0;0.0;10.0;2.0;0.0;9.0;1.0;1.0;2.0;6.0;0.0;0.0;0.0;1.0;0.0;0.0;3.0;1.0;1.0;2
org.gjt.sp.jedit.gui.BufferSwitcher;4.0;5.0;0.0;6.0;17.0;0.0;4.0;5.0;2.0;0.5;61.0;1.0;1.0;0.9959;0.4167;0.0;0.0;13.75;2.0;1.25;0
org.gjt.sp.jedit.EditServer;6.0;2.0;0.0;8.0;54.0;5.0;3.0;7.0;2.0;0.72;353.0;1.0;0.0;0.9254;0.3056;0.0;0.0;57.0;13.0;4.333333333333333;1
bsh.ParserConstants;1.0;1.0;0.0;12.0;1.0;0.0;12.0;0.0;0.0;2.0;617.0;0.0;0.0;0.0;0.0;0.0;0.0;496.0;1.0;1.0;0
org.gjt.sp.jedit.buffer.OffsetManager;27.0;1.0;0.0;7.0;39.0;87.0;3.0;6.0;19.0;0.8739;1342.0;1.0;3.0;0.0;0.2305;0.0;0.0;48.037;15.0;4.0;1
gnu.regexp.RETokenEnd;3.0;2.0;0.0;4.0;9.0;1.0;1.0;3.0;0.0;0.5;71.0;1.0;0.0;0.7778;0.4444;1.0;2.0;22.3333;6.0;2.6666666666666665;0
org.gjt.sp.jedit.syntax.TokenHandler;1.0;1.0;0.0;8.0;1.0;0.0;7.0;1.0;1.0;2.0;1.0;0.0;0.0;0.0;1.0;0.0;0.0;0.0;1.0;1.0;0
org.gjt.sp.jedit.options.FirewallOptionPane;12.0;6.0;0.0;4.0;31.0;28.0;2.0;3.0;3.0;0.8182;269.0;1.0;0.0;0.984;0.5;2.0;2.0;20.6667;1.0;1.0;0
org.gjt.sp.jedit.msg.MacrosChanged;1.0;2.0;0.0;4.0;2.0;0.0;2.0;2.0;1.0;2.0;5.0;0.0;0.0;1.0;1.0;0.0;0.0;4.0;1.0;1.0;0
org.gjt.sp.jedit.View;60.0;6.0;0.0;138.0;221.0;1420.0;125.0;37.0;45.0;0.9492;1722.0;0.5152;9.0;0.921;0.0825;2.0;3.0;27.15;20.0;2.816666666666667;6
org.gjt.sp.jedit.search.CharIndexedSegment;6.0;1.0;0.0;4.0;7.0;0.0;3.0;1.0;6.0;0.1333;118.0;1.0;0.0;0.0;0.5;0.0;0.0;18.1667;4.0;2.5;0
org.gjt.sp.jedit.io.VFS;34.0;1.0;4.0;37.0;83.0;471.0;29.0;15.0;28.0;0.9697;682.0;0.3333;0.0;0.0;0.2424;0.0;0.0;18.7059;5.0;1.6470588235294117;1
org.gjt.sp.jedit.pluginmgr.PluginManagerProgress;19.0;6.0;0.0;12.0;60.0;125.0;11.0;8.0;7.0;0.9167;335.0;1.0;1.0;0.9746;0.1974;3.0;7.0;16.1053;3.0;1.1578947368421053;0
org.gjt.sp.jedit.gui.JEditMetalTheme;8.0;3.0;0.0;1.0;14.0;16.0;1.0;1.0;8.0;0.7143;49.0;1.0;0.0;0.9114;1.0;0.0;0.0;4.875;1.0;1.0;0
org.gjt.sp.jedit.buffer.BufferChangeAdapter;5.0;1.0;0.0;2.0;6.0;10.0;0.0;2.0;5.0;2.0;12.0;0.0;0.0;0.0;0.8;0.0;0.0;1.4;1.0;1.0;2
bsh.LHS;8.0;1.0;0.0;15.0;32.0;0.0;8.0;9.0;3.0;0.7662;356.0;0.0;1.0;0.0;0.375;0.0;0.0;42.125;2.0;1.375;0
gnu.regexp.RETokenWordBoundary;3.0;2.0;0.0;4.0;8.0;0.0;1.0;3.0;0.0;0.75;151.0;0.5;0.0;0.7778;0.4444;1.0;2.0;48.0;18.0;7.666666666666667;0
gnu.regexp.RETokenEndSub;3.0;2.0;0.0;4.0;5.0;3.0;1.0;3.0;0.0;2.0;20.0;0.0;0.0;0.7778;0.4667;1.0;2.0;5.6667;1.0;1.0;0
org.gjt.sp.jedit.gui.AddAbbrevDialog;5.0;6.0;0.0;7.0;34.0;2.0;3.0;6.0;1.0;0.8;202.0;1.0;2.0;0.9943;0.35;0.0;0.0;38.4;2.0;1.2;1
gnu.regexp.RETokenRange;4.0;2.0;0.0;4.0;9.0;0.0;1.0;3.0;0.0;0.4444;80.0;1.0;0.0;0.7;0.3571;1.0;2.0;18.25;5.0;2.5;0
bsh.BSHFormalParameter;3.0;2.0;0.0;9.0;7.0;1.0;3.0;6.0;1.0;1.0;31.0;0.0;0.0;0.9474;0.6667;1.0;2.0;8.3333;1.0;1.0;1
org.gjt.sp.jedit.options.ContextAddDialog;11.0;7.0;0.0;11.0;64.0;29.0;2.0;10.0;4.0;0.8143;396.0;1.0;0.0;0.9858;0.3636;0.0;0.0;34.3636;4.0;1.6363636363636365;0
org.gjt.sp.jedit.options.AppearanceOptionPane;5.0;6.0;0.0;7.0;36.0;4.0;2.0;6.0;1.0;0.4643;247.0;1.0;2.0;0.9941;0.5;2.0;2.0;47.0;4.0;2.0;0
com.microstar.xml.XmlParser;118.0;1.0;0.0;7.0;180.0;6075.0;6.0;1.0;27.0;0.9211;5203.0;0.7174;1.0;0.0;0.1381;0.0;0.0;42.3136;9.0;1.5847457627118644;2
org.gjt.sp.jedit.gui.RecentFilesMenu;4.0;8.0;0.0;14.0;30.0;6.0;3.0;14.0;4.0;2.0;132.0;0.0;0.0;0.9966;0.875;1.0;2.0;32.0;7.0;2.5;0
bsh.BSHFormalComment;1.0;2.0;0.0;2.0;2.0;0.0;1.0;1.0;1.0;2.0;6.0;0.0;0.0;1.0;1.0;0.0;0.0;4.0;1.0;1.0;0
org.gjt.sp.jedit.io.VFSManager;25.0;1.0;0.0;48.0;72.0;200.0;41.0;16.0;18.0;0.8712;375.0;0.9091;3.0;0.0;0.1131;0.0;0.0;13.56;8.0;1.64;1
org.gjt.sp.util.ReadWriteLock;9.0;1.0;0.0;2.0;17.0;2.0;1.0;1.0;6.0;0.6786;236.0;1.0;0.0;0.0;1.0;0.0;0.0;24.4444;5.0;3.0;0
bsh.commands.dir;6.0;1.0;0.0;2.0;40.0;13.0;0.0;2.0;5.0;0.8;322.0;0.0;0.0;0.0;0.28;0.0;0.0;52.5;11.0;3.3333333333333335;2
org.gjt.sp.jedit.OptionGroup;9.0;1.0;0.0;6.0;20.0;0.0;4.0;2.0;9.0;0.5;111.0;1.0;0.0;0.0;0.2593;0.0;0.0;11.1111;3.0;1.6666666666666667;0
gnu.regexp.REException;4.0;3.0;0.0;8.0;11.0;6.0;8.0;1.0;3.0;1.3333;52.0;0.1333;0.0;0.85;0.5;1.0;1.0;8.25;1.0;1.0;6
bsh.JJTParserState;12.0;1.0;0.0;3.0;25.0;0.0;2.0;1.0;0.0;0.4364;218.0;1.0;0.0;0.0;0.3958;0.0;0.0;16.75;3.0;1.4166666666666667;0
bsh.BSHLHSPrimaryExpression;2.0;2.0;0.0;11.0;9.0;1.0;3.0;8.0;1.0;2.0;65.0;0.0;0.0;0.9474;0.625;0.0;0.0;31.5;1.0;1.0;1
bsh.StringUtil;5.0;1.0;0.0;1.0;19.0;10.0;1.0;0.0;5.0;2.0;183.0;0.0;0.0;0.0;0.3;0.0;0.0;35.6;6.0;3.2;11
bsh.BshClassManager;26.0;1.0;0.0;8.0;33.0;311.0;5.0;3.0;23.0;0.8867;149.0;1.0;1.0;0.0;0.16;0.0;0.0;4.5;2.0;1.2307692307692308;3
org.gjt.sp.jedit.options.Abbrev;2.0;1.0;0.0;2.0;3.0;1.0;2.0;0.0;0.0;1.0;16.0;0.0;0.0;0.0;0.75;0.0;0.0;6.0;1.0;1.0;0
bsh.Name;19.0;1.0;0.0;19.0;71.0;91.0;6.0;15.0;9.0;0.7083;1309.0;0.625;1.0;0.0;0.2749;0.0;0.0;67.4737;5.0;1.6842105263157894;0
org.gjt.sp.jedit.OptionPane;4.0;1.0;0.0;6.0;4.0;6.0;6.0;0.0;4.0;2.0;4.0;0.0;0.0;0.0;1.0;0.0;0.0;0.0;1.0;1.0;0
gnu.regexp.RETokenChar;5.0;2.0;0.0;5.0;12.0;0.0;2.0;3.0;0.0;0.375;127.0;1.0;0.0;0.6364;0.3;1.0;2.0;24.0;4.0;2.0;1
gnu.regexp.REMatch;14.0;1.0;0.0;20.0;27.0;0.0;19.0;1.0;10.0;0.6538;386.0;0.125;1.0;0.0;0.3429;0.0;0.0;26.0;6.0;2.5;0
org.gjt.sp.jedit.gui.ErrorListDialog;5.0;7.0;0.0;6.0;40.0;6.0;3.0;4.0;3.0;0.75;214.0;1.0;0.0;0.9943;0.3;3.0;7.0;41.4;2.0;1.2;0
org.gjt.sp.util.WorkRequest;5.0;1.0;4.0;5.0;11.0;10.0;4.0;1.0;5.0;2.0;48.0;0.0;0.0;0.0;0.45;0.0;0.0;8.6;2.0;1.8;0
gnu.regexp.REFilterReader;5.0;3.0;0.0;4.0;18.0;8.0;0.0;4.0;5.0;0.375;176.0;1.0;2.0;0.8182;0.3667;2.0;3.0;33.0;7.0;2.8;1
org.gjt.sp.jedit.pluginmgr.InstallPluginsDialog;14.0;7.0;0.0;12.0;98.0;43.0;4.0;11.0;2.0;0.8664;1049.0;0.8947;1.0;0.9816;0.2041;0.0;0.0;72.5714;11.0;3.2142857142857144;0
org.gjt.sp.jedit.gui.CheckBoxListModel;11.0;2.0;0.0;3.0;24.0;25.0;2.0;1.0;7.0;0.8333;177.0;0.0;0.0;0.64;0.303;2.0;3.0;14.8182;6.0;2.3636363636363638;0
com.microstar.xml.XmlHandler;13.0;1.0;0.0;7.0;13.0;78.0;7.0;0.0;13.0;2.0;13.0;0.0;0.0;0.0;0.4308;0.0;0.0;0.0;1.0;1.0;0
org.gjt.sp.jedit.gui.EnhancedMenuItem;6.0;6.0;0.0;7.0;37.0;3.0;3.0;5.0;3.0;0.5333;214.0;1.0;1.0;0.9951;0.32;3.0;10.0;33.6667;8.0;3.1666666666666665;0
org.gjt.sp.jedit.syntax.DisplayTokenHandler;5.0;2.0;1.0;8.0;11.0;6.0;2.0;6.0;4.0;0.75;81.0;1.0;1.0;0.6;0.2889;1.0;2.0;14.0;2.0;1.2;0
org.gjt.sp.jedit.syntax.ParserRule;11.0;1.0;0.0;9.0;20.0;53.0;5.0;6.0;10.0;0.7826;477.0;0.0435;2.0;0.0;0.3737;0.0;0.0;40.2727;7.0;3.1818181818181817;0
org.gjt.sp.jedit.browser.BrowserListener;2.0;1.0;0.0;4.0;2.0;1.0;3.0;2.0;2.0;2.0;2.0;0.0;0.0;0.0;1.0;0.0;0.0;0.0;1.0;1.0;0
org.gjt.sp.jedit.gui.SplashScreen;5.0;3.0;0.0;3.0;56.0;2.0;1.0;2.0;5.0;0.6429;287.0;1.0;0.0;0.9882;0.7;2.0;4.0;55.0;2.0;1.2;2
bsh.Primitive;45.0;1.0;0.0;40.0;77.0;898.0;35.0;5.0;28.0;0.8011;1459.0;0.25;2.0;0.0;0.0833;0.0;0.0;31.3333;12.0;2.4444444444444446;4
org.gjt.sp.jedit.options.ShortcutsOptionPane;12.0;6.0;0.0;12.0;59.0;38.0;5.0;11.0;1.0;0.8;307.0;1.0;1.0;0.984;0.25;3.0;7.0;24.1667;3.0;1.6666666666666667;1
bsh.Reflect;37.0;1.0;0.0;24.0;111.0;666.0;12.0;15.0;14.0;2.0;1612.0;0.0;0.0;0.0;0.1538;0.0;0.0;42.5676;30.0;3.189189189189189;1
org.gjt.sp.jedit.gui.ViewRegisters;6.0;7.0;0.0;8.0;47.0;9.0;3.0;8.0;3.0;0.8;299.0;1.0;0.0;0.9929;0.3889;0.0;0.0;48.3333;6.0;1.8333333333333333;0
org.gjt.sp.jedit.buffer.ContentManager;11.0;1.0;0.0;2.0;17.0;0.0;2.0;0.0;8.0;0.25;386.0;1.0;0.0;0.0;0.4364;0.0;0.0;33.7273;4.0;1.9090909090909092;4
org.gjt.sp.jedit.browser.BrowserCommandsMenu;6.0;5.0;0.0;12.0;45.0;5.0;6.0;7.0;2.0;0.8286;536.0;1.0;3.0;0.9932;0.3;0.0;0.0;87.1667;27.0;6.0;0
gnu.regexp.CharUnit;1.0;1.0;0.0;1.0;2.0;0.0;1.0;0.0;0.0;2.0;6.0;0.0;0.0;0.0;1.0;0.0;0.0;3.0;1.0;1.0;0
org.gjt.sp.jedit.gui.EnhancedMenu;5.0;7.0;5.0;8.0;27.0;8.0;6.0;3.0;5.0;0.625;121.0;1.0;0.0;0.9954;0.6;2.0;2.0;22.8;6.0;2.8;0
org.gjt.sp.util.WorkThreadPool;21.0;1.0;0.0;14.0;50.0;90.0;13.0;5.0;9.0;0.8625;661.0;0.6875;5.0;0.0;0.1693;0.0;0.0;29.7143;14.0;3.2857142857142856;1
bsh.Capabilities;7.0;1.0;0.0;5.0;8.0;21.0;5.0;0.0;6.0;1.0;32.0;1.0;0.0;0.0;0.1667;0.0;0.0;3.2857;2.0;1.1428571428571428;9
org.gjt.sp.jedit.Autosave;4.0;1.0;0.0;3.0;13.0;4.0;1.0;3.0;3.0;0.6667;62.0;1.0;0.0;0.0;0.3333;0.0;0.0;14.25;4.0;2.5;3
org.gjt.sp.jedit.gui.FontSelectorDialog;19.0;7.0;0.0;5.0;80.0;133.0;3.0;4.0;5.0;0.798;644.0;1.0;0.0;0.9775;0.1806;3.0;5.0;32.3158;5.0;1.263157894736842;0
org.gjt.sp.jedit.gui.CompleteWord;17.0;5.0;0.0;16.0;94.0;106.0;4.0;16.0;3.0;0.7708;554.0;1.0;3.0;0.9759;0.2157;3.0;4.0;31.2353;15.0;2.588235294117647;5
bsh.ClassPathException;1.0;4.0;0.0;3.0;2.0;0.0;2.0;1.0;1.0;2.0;5.0;0.0;0.0;1.0;1.0;0.0;0.0;4.0;1.0;1.0;0
bsh.BSHMethodDeclaration;3.0;2.0;0.0;8.0;9.0;1.0;2.0;7.0;2.0;1.25;32.0;0.0;2.0;0.9;0.5556;1.0;2.0;8.3333;1.0;1.0;3
org.gjt.sp.jedit.gui.EnhancedDialog;5.0;6.0;19.0;22.0;16.0;10.0;22.0;3.0;4.0;0.5;56.0;1.0;1.0;0.9957;0.44;0.0;0.0;10.0;1.0;1.0;0
org.gjt.sp.jedit.options.ContextOptionPane;11.0;6.0;0.0;9.0;53.0;25.0;3.0;8.0;1.0;0.7167;349.0;1.0;0.0;0.9855;0.5;2.0;3.0;30.1818;6.0;2.0;1
org.gjt.sp.jedit.browser.BrowserView;28.0;5.0;0.0;25.0;136.0;184.0;14.0;20.0;12.0;0.8319;868.0;1.0;4.0;0.961;0.1456;2.0;4.0;29.5357;15.0;2.5;4
org.gjt.sp.jedit.options.PrintOptionPane;3.0;6.0;0.0;4.0;21.0;1.0;1.0;3.0;1.0;0.5;159.0;1.0;1.0;0.9971;1.0;1.0;1.0;50.0;1.0;1.0;0
bsh.BSHSwitchLabel;2.0;2.0;0.0;7.0;5.0;1.0;2.0;5.0;2.0;2.0;17.0;0.0;0.0;0.9474;0.625;1.0;1.0;7.0;1.0;1.0;1
org.gjt.sp.jedit.io.UrlVFS;4.0;2.0;0.0;3.0;17.0;6.0;1.0;3.0;4.0;2.0;86.0;0.0;0.0;0.9118;0.6;0.0;0.0;20.5;2.0;1.25;0
org.gjt.sp.util.WorkThread;14.0;2.0;0.0;7.0;35.0;37.0;4.0;4.0;11.0;0.7607;329.0;0.8889;1.0;0.8267;0.2245;0.0;0.0;21.8571;9.0;1.8571428571428572;0
com.microstar.xml.XmlException;5.0;3.0;0.0;6.0;6.0;10.0;6.0;0.0;5.0;1.25;20.0;1.0;0.0;0.8095;0.4667;1.0;1.0;2.2;1.0;1.0;8
org.gjt.sp.jedit.msg.PropertiesChanged;1.0;2.0;0.0;8.0;2.0;0.0;6.0;2.0;1.0;2.0;5.0;0.0;0.0;1.0;1.0;0.0;0.0;4.0;1.0;1.0;0
bsh.BSHPrimarySuffix;6.0;2.0;0.0;17.0;40.0;15.0;3.0;14.0;1.0;1.1143;286.0;0.0;0.0;0.7826;0.6111;0.0;0.0;45.5;1.0;1.0;1
org.gjt.sp.jedit.AbstractOptionPane;14.0;5.0;17.0;20.0;30.0;79.0;18.0;2.0;12.0;0.7885;364.0;1.0;0.0;0.9808;0.4464;0.0;0.0;24.7143;2.0;1.1428571428571428;11
org.gjt.sp.jedit.Abbrevs;18.0;1.0;0.0;13.0;102.0;49.0;4.0;11.0;9.0;0.6691;782.0;0.875;0.0;0.0;0.1046;0.0;0.0;42.0;18.0;3.2222222222222223;1
gnu.regexp.REToken;8.0;1.0;13.0;15.0;9.0;12.0;13.0;2.0;0.0;0.7619;65.0;1.0;2.0;0.0;0.3542;0.0;0.0;6.75;3.0;1.375;0
bsh.BSHPrimitiveType;2.0;2.0;0.0;3.0;3.0;1.0;2.0;1.0;1.0;1.0;10.0;0.0;0.0;0.9474;0.75;0.0;0.0;3.5;1.0;1.0;0
org.gjt.sp.jedit.gui.ErrorListCellRenderer;4.0;4.0;0.0;2.0;24.0;0.0;1.0;1.0;3.0;0.4444;195.0;1.0;0.0;0.9955;0.375;1.0;4.0;46.25;2.0;1.5;1
org.gjt.sp.jedit.syntax.XModeHandler;16.0;2.0;0.0;15.0;77.0;78.0;1.0;15.0;8.0;0.8753;1292.0;1.0;5.0;0.4643;0.2656;1.0;3.0;77.8125;35.0;6.0625;1
gnu.regexp.UncheckedRE;3.0;3.0;0.0;3.0;7.0;3.0;0.0;3.0;3.0;2.0;33.0;0.0;0.0;1.0;0.75;0.0;0.0;10.0;1.0;1.0;1
org.gjt.sp.jedit.gui.FloatingWindowContainer;9.0;6.0;0.0;6.0;26.0;34.0;3.0;6.0;9.0;0.9375;91.0;1.0;2.0;0.9885;0.5926;3.0;3.0;8.8889;1.0;1.0;1
org.gjt.sp.jedit.Macros;27.0;1.0;0.0;20.0;102.0;291.0;6.0;17.0;22.0;0.875;754.0;0.875;2.0;0.0;0.1259;0.0;0.0;26.6296;12.0;2.5925925925925926;1
org.gjt.sp.jedit.buffer.BufferChangeListener;4.0;1.0;0.0;4.0;4.0;6.0;4.0;1.0;4.0;2.0;4.0;0.0;0.0;0.0;0.9167;0.0;0.0;0.0;1.0;1.0;2
org.gjt.sp.jedit.search.BufferListSet;8.0;1.0;2.0;5.0;12.0;8.0;2.0;3.0;7.0;0.4286;149.0;1.0;0.0;0.0;0.4375;0.0;0.0;17.5;9.0;3.0;1
org.gjt.sp.jedit.syntax.TokenMarker;13.0;1.0;0.0;15.0;65.0;30.0;5.0;13.0;7.0;0.7969;1525.0;0.9375;4.0;0.0;0.2154;0.0;0.0;115.0769;42.0;8.923076923076923;2
org.gjt.sp.jedit.syntax.DefaultTokenHandler;7.0;1.0;2.0;9.0;10.0;15.0;4.0;5.0;4.0;0.5833;81.0;1.0;2.0;0.0;0.4571;0.0;0.0;10.2857;3.0;1.5714285714285714;0
org.gjt.sp.jedit.gui.FontSelector;3.0;6.0;0.0;6.0;18.0;3.0;5.0;2.0;1.0;2.0;66.0;0.0;0.0;0.9974;0.4444;0.0;0.0;21.0;2.0;1.3333333333333333;0
org.gjt.sp.jedit.textarea.Selection;14.0;1.0;2.0;18.0;23.0;59.0;17.0;1.0;9.0;0.8077;117.0;0.0;0.0;0.0;0.2976;0.0;0.0;7.0714;5.0;1.2857142857142858;2
org.gjt.sp.jedit.textarea.TextAreaExtension;4.0;1.0;5.0;9.0;5.0;6.0;9.0;0.0;4.0;2.0;11.0;0.0;0.0;0.0;0.75;0.0;0.0;1.75;1.0;1.0;0
bsh.ParserTreeConstants;1.0;1.0;0.0;2.0;1.0;0.0;2.0;0.0;0.0;2.0;42.0;0.0;0.0;0.0;0.0;0.0;0.0;3.0;1.0;1.0;1
org.gjt.sp.jedit.syntax.Token;3.0;1.0;1.0;10.0;9.0;1.0;9.0;1.0;3.0;1.3478;138.0;0.0;2.0;0.0;0.4;0.0;0.0;37.3333;15.0;5.666666666666667;0
org.gjt.sp.jedit.search.SearchAndReplace;32.0;1.0;0.0;38.0;123.0;210.0;11.0;31.0;29.0;0.6839;1566.0;0.9;2.0;0.0;0.1367;0.0;0.0;47.625;31.0;4.28125;3
org.gjt.sp.jedit.textarea.TextAreaPainter;53.0;4.0;0.0;22.0;145.0;988.0;14.0;14.0;46.0;0.9609;1106.0;0.6774;5.0;0.9268;0.1014;3.0;25.0;19.283;7.0;1.6226415094339623;5
org.gjt.sp.jedit.help.HelpViewer;15.0;6.0;0.0;13.0;97.0;65.0;9.0;11.0;6.0;0.7381;511.0;1.0;1.0;0.9829;0.2533;1.0;1.0;32.4667;8.0;1.4666666666666666;0
bsh.ParserTokenManager;50.0;1.0;0.0;5.0;66.0;3.0;1.0;4.0;6.0;0.7517;6279.0;0.1667;1.0;0.0;0.5;0.0;0.0;124.1;167.0;8.82;3
bsh.BSHIfStatement;3.0;2.0;0.0;10.0;10.0;3.0;3.0;7.0;2.0;2.0;62.0;0.0;0.0;0.9;0.5333;1.0;1.0;19.6667;1.0;1.0;3
gnu.regexp.CharIndexedStringBuffer;4.0;1.0;0.0;2.0;7.0;0.0;1.0;1.0;3.0;0.3333;53.0;1.0;0.0;0.0;0.6667;0.0;0.0;11.75;3.0;2.0;4
org.gjt.sp.jedit.options.BrowserColorsOptionPane;9.0;6.0;0.0;10.0;48.0;18.0;4.0;9.0;1.0;0.7188;210.0;1.0;1.0;0.9883;0.5;3.0;7.0;21.8889;2.0;1.1111111111111112;0
org.gjt.sp.jedit.EditBus;7.0;1.0;0.0;20.0;18.0;9.0;17.0;3.0;4.0;0.6111;138.0;0.6667;1.0;0.0;0.2083;0.0;0.0;18.2857;5.0;1.7142857142857142;1
org.gjt.sp.jedit.syntax.SyntaxStyle;4.0;1.0;0.0;14.0;5.0;0.0;14.0;0.0;4.0;0.6667;28.0;1.0;0.0;0.0;0.5;0.0;0.0;5.25;1.0;1.0;0
org.gjt.sp.jedit.Marker;7.0;1.0;0.0;7.0;9.0;21.0;7.0;1.0;2.0;1.125;24.0;1.0;1.0;0.0;0.4286;0.0;0.0;1.8571;1.0;1.0;11
org.gjt.sp.jedit.gui.VariableGridLayout;17.0;1.0;0.0;4.0;36.0;100.0;4.0;0.0;16.0;0.7;681.0;0.8;0.0;0.0;0.3235;0.0;0.0;38.4706;13.0;2.8823529411764706;0
gnu.regexp.RE;47.0;2.0;1.0;41.0;106.0;1021.0;19.0;25.0;26.0;0.9548;2545.0;0.4615;2.0;0.1489;0.2301;1.0;3.0;52.8723;11.0;1.9148936170212767;4
org.gjt.sp.jedit.options.GutterOptionPane;4.0;6.0;0.0;5.0;39.0;0.0;1.0;4.0;3.0;0.7;507.0;1.0;10.0;0.9971;1.0;3.0;3.0;120.75;6.0;2.5;0
org.gjt.sp.jedit.msg.EditorExiting;1.0;2.0;0.0;3.0;2.0;0.0;1.0;2.0;1.0;2.0;5.0;0.0;0.0;1.0;1.0;0.0;0.0;4.0;1.0;1.0;0
gnu.regexp.RETokenPOSIX;6.0;2.0;0.0;4.0;21.0;3.0;1.0;3.0;0.0;1.0625;226.0;0.0;0.0;0.6364;0.2857;1.0;2.0;34.0;24.0;5.166666666666667;3
bsh.BSHArrayInitializer;4.0;2.0;0.0;10.0;23.0;6.0;3.0;7.0;2.0;2.0;175.0;0.0;0.0;0.8571;0.5833;1.0;1.0;42.75;1.0;1.0;0
gnu.regexp.REFilterInputStream;5.0;3.0;0.0;4.0;18.0;8.0;0.0;4.0;5.0;0.375;176.0;1.0;2.0;0.8182;0.3667;2.0;3.0;33.0;7.0;2.8;1
org.gjt.sp.jedit.buffer.DummyFoldHandler;2.0;2.0;0.0;2.0;3.0;1.0;2.0;2.0;2.0;2.0;8.0;0.0;0.0;0.9;0.625;0.0;0.0;3.0;1.0;1.0;1
org.gjt.sp.jedit.gui.RolloverButton;6.0;6.0;1.0;11.0;22.0;13.0;11.0;1.0;5.0;0.8;75.0;1.0;0.0;0.9961;0.4;3.0;12.0;11.3333;2.0;1.1666666666666667;0
org.gjt.sp.jedit.pluginmgr.PluginListHandler;12.0;2.0;0.0;7.0;36.0;36.0;1.0;7.0;8.0;0.8656;504.0;1.0;4.0;0.5417;0.3194;1.0;3.0;39.0833;14.0;3.75;0
org.gjt.sp.jedit.gui.RecentDirectoriesMenu;4.0;8.0;0.0;13.0;30.0;6.0;3.0;13.0;4.0;2.0;119.0;0.0;0.0;0.9966;0.875;2.0;3.0;28.75;7.0;2.5;0
org.gjt.sp.jedit.buffer.RootElement;11.0;1.0;0.0;2.0;16.0;35.0;1.0;2.0;11.0;0.6;52.0;1.0;1.0;0.0;0.4242;0.0;0.0;3.6364;1.0;1.0;0
org.gjt.sp.jedit.msg.SearchSettingsChanged;1.0;2.0;0.0;5.0;2.0;0.0;3.0;2.0;1.0;2.0;5.0;0.0;0.0;1.0;1.0;0.0;0.0;4.0;1.0;1.0;0
bsh.ASCII_UCodeESC_CharStream;27.0;1.0;0.0;3.0;40.0;25.0;3.0;0.0;21.0;0.5294;1277.0;0.7059;0.0;0.0;0.2963;0.0;0.0;45.6667;7.0;1.7407407407407407;5
org.gjt.sp.jedit.options.StatusBarOptionPane;5.0;6.0;0.0;5.0;22.0;4.0;2.0;4.0;1.0;0.25;353.0;1.0;2.0;0.9941;0.5;1.0;1.0;67.2;5.0;1.8;0
org.gjt.sp.jedit.buffer.IndentFoldHandler;2.0;2.0;0.0;2.0;6.0;1.0;1.0;2.0;2.0;2.0;65.0;0.0;0.0;0.9;0.625;0.0;0.0;31.5;7.0;4.0;0
gnu.regexp.RETokenAny;4.0;2.0;0.0;4.0;8.0;4.0;1.0;3.0;0.0;0.6667;55.0;1.0;0.0;0.7;0.375;1.0;2.0;12.25;6.0;2.25;0
org.gjt.sp.jedit.BeanShellAction;7.0;2.0;0.0;8.0;18.0;5.0;1.0;7.0;7.0;0.8095;151.0;1.0;2.0;0.6471;0.3929;1.0;1.0;19.5714;2.0;1.5714285714285714;0
bsh.NameSpace;56.0;1.0;1.0;47.0;140.0;1358.0;37.0;18.0;39.0;0.9403;1757.0;0.381;4.0;0.0;0.1102;0.0;0.0;30.0;7.0;1.75;1
org.gjt.sp.jedit.textarea.ChunkCache;16.0;1.0;0.0;14.0;64.0;0.0;6.0;10.0;1.0;0.7133;1130.0;0.9;4.0;0.0;0.3867;0.0;0.0;69.0;29.0;6.0;4
org.gjt.sp.jedit.gui.HistoryTextField;28.0;6.0;0.0;21.0;91.0;206.0;18.0;6.0;15.0;0.7725;615.0;1.0;1.0;0.971;0.2194;3.0;5.0;20.7143;13.0;2.5357142857142856;0
org.gjt.sp.util.IntegerArray;6.0;1.0;0.0;4.0;8.0;0.0;4.0;0.0;6.0;0.5;66.0;1.0;0.0;0.0;0.75;0.0;0.0;9.6667;2.0;1.1666666666666667;0
bsh.BshMethod;6.0;1.0;0.0;18.0;22.0;0.0;10.0;10.0;4.0;0.5333;314.0;0.3333;2.0;0.0;0.3571;0.0;0.0;50.8333;2.0;1.1666666666666667;0
bsh.BSHImportDeclaration;2.0;2.0;0.0;10.0;8.0;1.0;1.0;9.0;1.0;1.5;31.0;0.0;0.0;0.9474;0.625;1.0;1.0;13.5;1.0;1.0;2
org.gjt.sp.jedit.gui.LogViewer;5.0;5.0;0.0;5.0;28.0;0.0;2.0;5.0;2.0;0.6667;119.0;1.0;0.0;0.994;0.4;0.0;0.0;22.2;2.0;1.2;1
bsh.BSHAssignment;3.0;2.0;0.0;11.0;18.0;3.0;1.0;10.0;1.0;1.0;266.0;0.0;0.0;0.9;0.5333;1.0;1.0;87.3333;1.0;1.0;2
org.gjt.sp.jedit.gui.BeanShellErrorDialog;3.0;7.0;0.0;6.0;35.0;3.0;3.0;4.0;3.0;2.0;161.0;0.0;0.0;0.9971;0.5556;0.0;0.0;52.6667;1.0;1.0;2
gnu.regexp.IntPair;1.0;1.0;0.0;1.0;2.0;0.0;1.0;0.0;0.0;2.0;6.0;0.0;0.0;0.0;1.0;0.0;0.0;3.0;1.0;1.0;0
org.gjt.sp.jedit.io.FileVFS;20.0;2.0;0.0;11.0;91.0;190.0;4.0;9.0;19.0;1.0;688.0;0.0;0.0;0.62;0.4;2.0;2.0;33.3;8.0;3.05;4
org.gjt.sp.jedit.ActionSet;13.0;1.0;0.0;12.0;26.0;0.0;11.0;1.0;12.0;0.4583;110.0;1.0;0.0;0.0;0.3846;0.0;0.0;7.3077;2.0;1.1538461538461537;3
org.gjt.sp.jedit.options.LoadSaveOptionPane;5.0;6.0;0.0;4.0;35.0;0.0;2.0;3.0;3.0;0.7143;406.0;1.0;0.0;0.9941;0.5;3.0;3.0;77.4;5.0;2.0;0
org.gjt.sp.jedit.SettingsReloader;3.0;1.0;0.0;9.0;19.0;3.0;1.0;9.0;1.0;2.0;110.0;0.0;0.0;0.0;0.5556;0.0;0.0;35.6667;17.0;6.666666666666667;1
org.gjt.sp.jedit.gui.EnhancedCheckBoxMenuItem;7.0;7.0;0.0;6.0;40.0;9.0;3.0;5.0;4.0;0.6111;214.0;1.0;1.0;0.9939;0.3;3.0;16.0;28.7143;8.0;2.5714285714285716;0
org.gjt.sp.jedit.options.ToolBarEditDialog;14.0;7.0;0.0;14.0;96.0;51.0;2.0;13.0;4.0;0.7821;773.0;1.0;0.0;0.9816;0.2143;0.0;0.0;53.3571;8.0;2.357142857142857;0
bsh.SimpleNode;19.0;1.0;36.0;51.0;30.0;147.0;47.0;7.0;19.0;0.8889;240.0;0.5;4.0;0.0;0.2331;0.0;0.0;11.3158;6.0;1.6842105263157894;0
org.gjt.sp.jedit.jEdit;118.0;1.0;0.0;197.0;390.0;5891.0;169.0;60.0;81.0;0.9231;5264.0;0.9643;9.0;0.0;0.0538;0.0;0.0;43.3729;61.0;4.016949152542373;17
org.gjt.sp.jedit.msg.EditorStarted;1.0;2.0;0.0;3.0;2.0;0.0;1.0;2.0;1.0;2.0;5.0;0.0;0.0;1.0;1.0;0.0;0.0;4.0;1.0;1.0;0
bsh.BSHForStatement;2.0;2.0;0.0;12.0;10.0;1.0;1.0;11.0;1.0;1.125;127.0;0.625;4.0;0.9474;0.625;1.0;1.0;58.5;1.0;1.0;2
bsh.BSHVariableDeclarator;2.0;2.0;0.0;10.0;9.0;1.0;2.0;8.0;1.0;2.0;40.0;0.0;0.0;0.9474;0.6;1.0;2.0;18.5;1.0;1.0;0
bsh.BSHAmbiguousName;7.0;2.0;0.0;15.0;17.0;19.0;7.0;8.0;6.0;0.3333;53.0;0.0;0.0;0.75;0.4571;1.0;1.0;6.4286;1.0;1.0;0
org.gjt.sp.util.WorkThreadProgressListener;2.0;1.0;0.0;6.0;2.0;1.0;6.0;1.0;2.0;2.0;2.0;0.0;0.0;0.0;1.0;0.0;0.0;0.0;1.0;1.0;0
org.gjt.sp.jedit.io.FileRootsVFS;6.0;2.0;0.0;5.0;33.0;9.0;1.0;4.0;4.0;0.74;437.0;0.6;0.0;0.8611;0.5;2.0;3.0;70.1667;13.0;6.0;3
org.gjt.sp.jedit.syntax.ParserRuleSet;27.0;1.0;0.0;14.0;36.0;293.0;11.0;4.0;26.0;0.9253;293.0;1.0;7.0;0.0;0.1364;0.0;0.0;9.2222;4.0;1.2592592592592593;1
org.gjt.sp.jedit.help.HelpSearchPanel;6.0;5.0;0.0;10.0;29.0;5.0;5.0;9.0;1.0;0.7;139.0;1.0;3.0;0.9925;0.3889;0.0;0.0;21.5;2.0;1.1666666666666667;0
org.gjt.sp.jedit.search.RESearchMatcher;4.0;1.0;0.0;14.0;29.0;0.0;4.0;10.0;3.0;0.619;207.0;0.8571;4.0;0.0;0.6;0.0;0.0;49.0;9.0;3.0;0
org.gjt.sp.jedit.gui.IOProgressMonitor;6.0;5.0;0.0;9.0;29.0;5.0;5.0;6.0;3.0;0.6667;141.0;1.0;2.0;0.9925;0.5;2.0;7.0;22.0;3.0;1.3333333333333333;0
org.gjt.sp.jedit.search.HyperSearchRequest;9.0;2.0;0.0;19.0;52.0;16.0;4.0;19.0;2.0;0.7708;404.0;1.0;4.0;0.3333;0.2469;0.0;0.0;43.2222;11.0;2.888888888888889;0
org.gjt.sp.jedit.pluginmgr.PluginListDownloadProgress;6.0;6.0;0.0;6.0;31.0;9.0;4.0;6.0;0.0;0.8;134.0;1.0;3.0;0.9928;0.3;0.0;0.0;20.8333;1.0;1.0;0
org.gjt.sp.jedit.textarea.ExtensionManager;7.0;1.0;0.0;5.0;19.0;0.0;2.0;3.0;0.0;0.0;202.0;1.0;0.0;0.0;0.5357;0.0;0.0;27.7143;3.0;2.2857142857142856;1
org.gjt.sp.jedit.buffer.LineElement;11.0;1.0;0.0;2.0;14.0;53.0;2.0;1.0;11.0;0.9;44.0;1.0;1.0;0.0;0.4545;0.0;0.0;2.8182;1.0;1.0;2
bsh.BlockNameSpace;8.0;2.0;0.0;7.0;18.0;26.0;3.0;4.0;6.0;0.8571;61.0;0.0;0.0;0.8833;0.3333;1.0;1.0;6.5;2.0;1.125;3
org.gjt.sp.jedit.msg.BufferUpdate;6.0;2.0;0.0;10.0;14.0;5.0;8.0;4.0;5.0;0.9333;86.0;0.1667;1.0;0.5556;0.4;1.0;1.0;11.3333;2.0;1.1666666666666667;0
org.gjt.sp.jedit.gui.InputHandler;18.0;2.0;1.0;14.0;54.0;71.0;8.0;10.0;16.0;0.7899;460.0;1.0;2.0;0.15;0.2083;0.0;0.0;24.1667;14.0;2.611111111111111;1
org.gjt.sp.jedit.search.SearchFileSet;5.0;1.0;0.0;9.0;5.0;10.0;9.0;1.0;5.0;2.0;5.0;0.0;0.0;0.0;0.6667;0.0;0.0;0.0;1.0;1.0;0
bsh.NameSource;2.0;1.0;0.0;2.0;2.0;1.0;2.0;1.0;2.0;2.0;2.0;0.0;0.0;0.0;0.75;0.0;0.0;0.0;1.0;1.0;0
bsh.Parser;413.0;1.0;0.0;48.0;505.0;0.0;1.0;48.0;87.0;0.7277;23590.0;0.7692;8.0;0.0;0.138;0.0;0.0;56.0557;46.0;5.4891041162227605;0
org.gjt.sp.jedit.pluginmgr.Roster;6.0;1.0;0.0;9.0;16.0;0.0;8.0;2.0;1.0;0.0;89.0;1.0;0.0;0.0;0.375;0.0;0.0;13.6667;4.0;2.0;1
bsh.TokenMgrError;6.0;3.0;0.0;2.0;19.0;15.0;2.0;0.0;4.0;1.12;161.0;0.0;0.0;0.85;0.5;1.0;1.0;25.0;14.0;3.3333333333333335;11
bsh.CommandLineReader;4.0;3.0;0.0;1.0;8.0;4.0;1.0;0.0;4.0;1.0;76.0;0.0;0.0;0.8571;0.35;2.0;2.0;17.0;1.0;1.0;8
org.gjt.sp.jedit.syntax.Chunk;10.0;2.0;0.0;10.0;39.0;0.0;7.0;3.0;9.0;0.642;552.0;0.1111;1.0;0.2222;0.2735;0.0;0.0;53.3;13.0;5.0;0
bsh.CallStack;11.0;1.0;0.0;40.0;24.0;0.0;39.0;2.0;11.0;0.1;132.0;1.0;0.0;0.0;0.4848;0.0;0.0;10.9091;2.0;1.2727272727272727;3
org.gjt.sp.jedit.BufferHistory;13.0;1.0;0.0;11.0;60.0;44.0;4.0;10.0;6.0;0.8333;485.0;0.6;0.0;0.0;0.1806;0.0;0.0;35.9231;6.0;3.0;3
org.gjt.sp.jedit.search.HyperSearchResults;17.0;5.0;0.0;25.0;77.0;60.0;14.0;20.0;10.0;0.7946;429.0;0.8571;1.0;0.9765;0.2353;3.0;12.0;23.8235;9.0;2.0;3
bsh.BSHThrowStatement;2.0;2.0;0.0;7.0;7.0;1.0;1.0;6.0;1.0;2.0;30.0;0.0;0.0;0.9474;0.625;1.0;1.0;14.0;1.0;1.0;1
org.gjt.sp.jedit.options.GlobalOptions;6.0;8.0;0.0;27.0;35.0;13.0;3.0;24.0;4.0;0.9333;232.0;1.0;3.0;0.9972;0.5;1.0;3.0;37.1667;3.0;1.3333333333333333;0
bsh.BSHCastExpression;6.0;2.0;0.0;16.0;45.0;15.0;3.0;13.0;6.0;2.0;280.0;0.0;0.0;0.7826;0.2292;1.0;1.0;45.6667;1.0;1.0;0
com.microstar.xml.HandlerBase;14.0;1.0;7.0;9.0;16.0;91.0;7.0;2.0;14.0;2.0;38.0;0.0;0.0;0.0;0.4143;0.0;0.0;1.7143;1.0;1.0;0
org.gjt.sp.jedit.search.SearchMatcher;2.0;1.0;0.0;5.0;2.0;1.0;4.0;1.0;2.0;2.0;2.0;0.0;0.0;0.0;0.625;0.0;0.0;0.0;1.0;1.0;0
bsh.ParseException;11.0;4.0;0.0;4.0;23.0;23.0;2.0;2.0;10.0;0.5333;492.0;0.3333;1.0;0.7895;0.2727;2.0;3.0;43.1818;14.0;3.5454545454545454;1
org.gjt.sp.jedit.msg.ViewUpdate;5.0;2.0;0.0;6.0;13.0;4.0;4.0;3.0;4.0;0.875;52.0;0.25;0.0;0.625;0.5;1.0;1.0;8.6;2.0;1.2;0
bsh.Token;3.0;1.0;0.0;5.0;4.0;3.0;5.0;0.0;2.0;1.5;20.0;0.0;2.0;0.0;0.5;0.0;0.0;3.0;2.0;1.3333333333333333;2
org.gjt.sp.jedit.gui.TipOfTheDay;8.0;7.0;0.0;6.0;60.0;20.0;2.0;6.0;3.0;0.8;293.0;1.0;0.0;0.99;0.375;3.0;7.0;35.0;5.0;1.5;0
bsh.JThis;86.0;2.0;0.0;8.0;96.0;3649.0;0.0;8.0;84.0;2.0;693.0;0.0;0.0;0.0957;0.0562;0.0;0.0;7.0581;3.0;1.0348837209302326;0
org.gjt.sp.jedit.OperatingSystem;13.0;1.0;0.0;27.0;31.0;34.0;26.0;1.0;11.0;0.963;237.0;0.8889;0.0;0.0;0.0833;0.0;0.0;16.5385;10.0;2.769230769230769;1
org.gjt.sp.jedit.msg.EditorExitRequested;2.0;2.0;0.0;4.0;4.0;1.0;1.0;3.0;2.0;2.0;10.0;0.0;0.0;0.8333;0.75;0.0;0.0;4.0;1.0;1.0;0
bsh.BSHUnaryExpression;5.0;2.0;0.0;11.0;33.0;6.0;1.0;10.0;1.0;0.625;206.0;0.0;0.0;0.8182;0.4333;1.0;1.0;39.8;1.0;1.0;2
org.gjt.sp.jedit.browser.BrowserIORequest;7.0;2.0;0.0;9.0;29.0;0.0;2.0;8.0;3.0;0.625;614.0;0.6667;2.0;0.4;0.25;0.0;0.0;85.0;5.0;3.4285714285714284;2
bsh.BSHReturnStatement;2.0;2.0;0.0;9.0;7.0;1.0;1.0;8.0;1.0;1.0;29.0;0.0;0.0;0.9474;0.625;1.0;1.0;13.0;1.0;1.0;1
org.gjt.sp.jedit.buffer.BufferIORequest;11.0;2.0;0.0;12.0;108.0;11.0;2.0;12.0;3.0;0.9143;1501.0;0.3333;3.0;0.2857;0.2364;0.0;0.0;133.5455;23.0;6.2727272727272725;4
org.gjt.sp.jedit.gui.PanelWindowContainer;22.0;1.0;0.0;21.0;89.0;97.0;12.0;15.0;10.0;0.8571;623.0;0.8462;3.0;0.0;0.25;0.0;0.0;26.7273;6.0;2.0;2
org.gjt.sp.jedit.gui.DirectoryMenu;4.0;8.0;0.0;13.0;39.0;4.0;3.0;13.0;4.0;0.6667;237.0;1.0;0.0;0.9966;0.6667;2.0;3.0;58.0;19.0;5.5;0
org.gjt.sp.jedit.gui.DockableWindowManager;31.0;5.0;0.0;29.0;83.0;267.0;21.0;16.0;23.0;0.9214;750.0;0.5714;5.0;0.9582;0.2095;0.0;0.0;22.7419;12.0;2.4193548387096775;5
org.gjt.sp.jedit.gui.ColorWellButton;3.0;6.0;0.0;8.0;14.0;3.0;6.0;3.0;3.0;2.0;46.0;0.0;0.0;0.9974;0.8333;0.0;0.0;14.3333;2.0;1.3333333333333333;0
gnu.regexp.RETokenBackRef;3.0;2.0;0.0;4.0;8.0;0.0;1.0;3.0;0.0;0.5;77.0;1.0;0.0;0.7778;0.4444;1.0;2.0;24.0;5.0;2.3333333333333335;0
bsh.BSHArguments;2.0;2.0;0.0;10.0;5.0;1.0;5.0;5.0;1.0;2.0;28.0;0.0;0.0;0.9474;0.625;0.0;0.0;13.0;1.0;1.0;2
org.gjt.sp.jedit.pluginmgr.PluginList;5.0;1.0;0.0;12.0;27.0;0.0;5.0;8.0;0.0;0.5;158.0;0.0;0.0;0.0;0.4667;0.0;0.0;30.0;5.0;2.0;0
org.gjt.sp.jedit.textarea.ScrollListener;2.0;1.0;0.0;3.0;2.0;1.0;3.0;1.0;2.0;2.0;2.0;0.0;0.0;0.0;1.0;0.0;0.0;0.0;1.0;1.0;0
org.gjt.sp.jedit.gui.AbbrevEditor;8.0;5.0;0.0;5.0;29.0;0.0;4.0;1.0;8.0;0.5714;394.0;1.0;0.0;0.9896;0.625;0.0;0.0;47.875;12.0;3.5;9
gnu.regexp.CharIndexedCharArray;4.0;1.0;0.0;2.0;5.0;0.0;1.0;1.0;3.0;0.3333;53.0;1.0;0.0;0.0;0.6667;0.0;0.0;11.75;3.0;2.0;4
bsh.TargetError;11.0;4.0;0.0;18.0;26.0;33.0;14.0;5.0;11.0;0.45;141.0;0.0;0.0;0.7895;0.3636;1.0;2.0;11.6364;2.0;1.2727272727272727;0
org.gjt.sp.jedit.gui.EnhancedButton;3.0;7.0;0.0;5.0;10.0;1.0;2.0;4.0;2.0;0.5;40.0;1.0;1.0;0.9974;0.4;1.0;2.0;12.0;2.0;1.3333333333333333;0
org.gjt.sp.jedit.print.BufferPrinter1_3;5.0;1.0;0.0;5.0;33.0;0.0;0.0;5.0;4.0;0.375;161.0;1.0;0.0;0.0;0.25;0.0;0.0;30.8;3.0;1.8;0
org.gjt.sp.jedit.print.BufferPrinter1_4;7.0;1.0;0.0;7.0;52.0;1.0;0.0;7.0;4.0;0.7143;341.0;0.2857;0.0;0.0;0.2;0.0;0.0;46.7143;11.0;3.7142857142857144;0
gnu.regexp.CharIndexedInputStream;5.0;1.0;0.0;3.0;12.0;0.0;2.0;1.0;3.0;0.5313;254.0;1.0;0.0;0.0;0.6;0.0;0.0;48.2;10.0;4.4;4
org.gjt.sp.jedit.options.ToolBarOptionPane;13.0;6.0;0.0;11.0;68.0;42.0;3.0;10.0;1.0;0.7963;512.0;1.0;5.0;0.9826;0.5;2.0;3.0;37.6923;9.0;2.230769230769231;1
bsh.BSHAllocationExpression;8.0;2.0;0.0;18.0;38.0;28.0;1.0;17.0;1.0;2.0;273.0;0.0;0.0;0.72;0.3636;1.0;1.0;33.125;1.0;1.0;2
bsh.ReflectError;2.0;3.0;0.0;7.0;4.0;1.0;7.0;0.0;2.0;2.0;9.0;0.0;0.0;1.0;0.75;0.0;0.0;3.5;1.0;1.0;0
bsh.BSHMethodInvocation;2.0;2.0;0.0;12.0;19.0;1.0;1.0;11.0;1.0;2.0;91.0;0.0;0.0;0.9474;0.625;1.0;1.0;44.5;1.0;1.0;0
org.gjt.sp.jedit.ActionListHandler;11.0;2.0;0.0;6.0;28.0;31.0;1.0;5.0;7.0;0.8;222.0;1.0;1.0;0.5652;0.3333;1.0;3.0;18.4545;8.0;2.3636363636363638;0
org.gjt.sp.jedit.msg.VFSUpdate;3.0;2.0;0.0;6.0;9.0;0.0;4.0;2.0;3.0;0.0;36.0;1.0;0.0;0.7143;0.6667;1.0;1.0;10.6667;2.0;1.3333333333333333;0
org.gjt.sp.jedit.gui.MarkersMenu;4.0;8.0;0.0;8.0;28.0;6.0;2.0;8.0;4.0;2.0;129.0;0.0;0.0;0.9966;0.875;3.0;4.0;31.25;8.0;2.75;0
bsh.BSHReturnType;2.0;2.0;0.0;6.0;5.0;1.0;1.0;5.0;1.0;2.0;14.0;0.0;0.0;0.9474;0.6667;0.0;0.0;5.5;1.0;1.0;1
org.gjt.sp.jedit.browser.VFSFileChooserDialog;10.0;7.0;0.0;19.0;90.0;15.0;6.0;18.0;5.0;0.7937;606.0;1.0;2.0;0.9872;0.25;4.0;9.0;58.9;17.0;4.4;1
org.gjt.sp.jedit.print.BufferPrintable;9.0;2.0;0.0;15.0;64.0;6.0;3.0;13.0;2.0;0.788;727.0;0.9565;4.0;0.3636;0.25;0.0;0.0;77.2222;14.0;3.3333333333333335;1
bsh.BSHStatementExpressionList;2.0;2.0;0.0;7.0;6.0;1.0;1.0;6.0;1.0;2.0;28.0;0.0;0.0;0.9474;0.625;1.0;1.0;13.0;1.0;1.0;0
org.gjt.sp.jedit.search.HyperSearchResult;5.0;1.0;0.0;9.0;20.0;0.0;6.0;3.0;5.0;0.5938;112.0;0.0;1.0;0.0;0.5333;0.0;0.0;19.8;2.0;1.4;0
